timestamp,open,high,low,close,volume,quoteVolume,trades,takerBaseVolume,takerQuoteVolume
2026-03-01T00:00:00.000Z,84.59000000,84.92000000,84.46000000,84.89000000,32.81900000,2778.30707000,19,25.68600000,2173.69741000
2026-03-01T01:00:00.000Z,84.76000000,87.51000000,84.35000000,86.73000000,152.94000000,13195.10641000,154,119.30400000,10280.77365000
2026-03-01T02:00:00.000Z,86.77000000,88.84000000,86.77000000,87.97000000,167.95100000,14791.83470000,147,122.22300000,10759.97931000
2026-03-01T03:00:00.000Z,87.98000000,88.25000000,87.76000000,87.76000000,152.74600000,13450.31929000,38,108.54600000,9564.31624000
2026-03-01T04:00:00.000Z,88.21000000,88.21000000,87.01000000,87.57000000,156.43800000,13686.87784000,56,62.62400000,5484.38639000
2026-03-01T05:00:00.000Z,87.75000000,87.97000000,87.15000000,87.36000000,44.38600000,3882.96346000,31,15.82300000,1383.06570000
2026-03-01T06:00:00.000Z,87.34000000,87.34000000,86.18000000,86.71000000,127.25500000,11021.53253000,55,58.48500000,5065.70352000
2026-03-01T07:00:00.000Z,86.45000000,86.86000000,86.45000000,86.65000000,22.44400000,1944.19928000,17,17.02700000,1475.56209000
2026-03-01T08:00:00.000Z,86.72000000,86.72000000,85.11000000,85.11000000,60.52600000,5192.77414000,41,23.47300000,2024.37115000
2026-03-01T09:00:00.000Z,85.24000000,85.73000000,84.82000000,84.82000000,44.68200000,3799.15878000,30,20.53500000,1747.91375000
2026-03-01T10:00:00.000Z,84.82000000,85.63000000,84.71000000,85.21000000,86.76900000,7396.35174000,22,66.91600000,5706.22602000
2026-03-01T11:00:00.000Z,85.32000000,85.32000000,85.02000000,85.02000000,245.12200000,20879.66567000,24,94.01100000,8014.41657000
2026-03-01T12:00:00.000Z,85.16000000,85.39000000,84.81000000,84.91000000,128.33100000,10929.38984000,22,97.07900000,8272.36617000
2026-03-01T13:00:00.000Z,85.01000000,87.03000000,84.58000000,86.37000000,165.92300000,14297.97458000,70,68.43300000,5860.74730000
2026-03-01T14:00:00.000Z,86.12000000,86.79000000,85.54000000,85.75000000,134.79400000,11612.19116000,51,68.25300000,5893.08871000
2026-03-01T15:00:00.000Z,86.05000000,86.59000000,85.65000000,85.65000000,179.23200000,15473.42647000,73,86.05900000,7430.81516000
2026-03-01T16:00:00.000Z,85.65000000,86.05000000,83.85000000,84.31000000,212.14400000,17992.76397000,98,101.62200000,8612.69455000
2026-03-01T17:00:00.000Z,83.93000000,84.26000000,83.23000000,83.90000000,97.40600000,8170.28402000,63,35.78600000,3003.93820000
2026-03-01T18:00:00.000Z,83.97000000,84.97000000,83.90000000,83.90000000,106.46600000,8981.65500000,48,61.36400000,5185.18834000
2026-03-01T19:00:00.000Z,83.97000000,83.97000000,83.06000000,83.23000000,69.45600000,5808.32558000,37,50.30200000,4211.15010000
2026-03-01T20:00:00.000Z,83.21000000,83.21000000,81.67000000,82.06000000,287.65200000,23616.17935000,116,126.28700000,10380.44869000
2026-03-01T21:00:00.000Z,82.07000000,83.01000000,82.03000000,82.92000000,124.64600000,10322.98240000,55,72.34700000,5991.19714000
2026-03-01T22:00:00.000Z,82.88000000,83.94000000,82.38000000,82.85000000,234.28900000,19488.92885000,64,157.63800000,13121.53016000
2026-03-01T23:00:00.000Z,82.58000000,84.11000000,82.58000000,83.57000000,155.27300000,12986.75835000,42,128.64700000,10762.44932000
2026-03-02T00:00:00.000Z,83.62000000,85.14000000,83.62000000,84.94000000,175.19700000,14789.31054000,56,105.99800000,8945.98691000
2026-03-02T01:00:00.000Z,85.04000000,86.17000000,84.52000000,84.70000000,99.53900000,8498.07956000,79,87.46400000,7468.34756000
2026-03-02T02:00:00.000Z,84.56000000,84.56000000,83.58000000,84.00000000,24.42700000,2049.35407000,32,1.62500000,136.10158000
2026-03-02T03:00:00.000Z,84.19000000,85.06000000,84.09000000,84.74000000,40.27600000,3407.78841000,29,29.69500000,2510.52784000
2026-03-02T04:00:00.000Z,84.75000000,84.81000000,84.18000000,84.22000000,134.86300000,11398.73029000,31,11.99600000,1012.02283000
2026-03-02T05:00:00.000Z,84.35000000,84.68000000,83.88000000,84.48000000,38.90900000,3279.20777000,22,30.67300000,2588.05762000
2026-03-02T06:00:00.000Z,84.11000000,84.11000000,82.93000000,83.31000000,64.97300000,5408.58019000,45,20.18000000,1682.71608000
2026-03-02T07:00:00.000Z,83.25000000,83.32000000,82.41000000,82.92000000,29.54200000,2450.93825000,31,26.57900000,2205.73435000
2026-03-02T08:00:00.000Z,82.88000000,83.49000000,82.47000000,83.49000000,142.09500000,11756.64393000,33,58.26700000,4821.33210000
2026-03-02T09:00:00.000Z,83.42000000,84.12000000,83.37000000,83.80000000,27.18500000,2279.48652000,17,9.51800000,798.54169000
2026-03-02T10:00:00.000Z,83.86000000,83.86000000,83.43000000,83.75000000,48.81300000,4085.28335000,9,12.95200000,1081.66696000
2026-03-02T11:00:00.000Z,83.87000000,84.19000000,83.58000000,84.16000000,73.66000000,6182.34304000,27,29.49100000,2472.46775000
2026-03-02T12:00:00.000Z,83.88000000,83.88000000,83.64000000,83.84000000,73.51700000,6155.90149000,12,6.17200000,516.78042000
2026-03-02T13:00:00.000Z,83.57000000,83.74000000,83.06000000,83.06000000,161.18600000,13450.55112000,24,23.83600000,1987.11722000
2026-03-02T14:00:00.000Z,83.09000000,85.89000000,82.85000000,85.51000000,219.94900000,18671.64362000,96,154.41800000,13152.13669000
2026-03-02T15:00:00.000Z,85.53000000,88.93000000,85.53000000,88.58000000,357.37000000,31294.43904000,154,154.43500000,13552.83188000
2026-03-02T16:00:00.000Z,88.89000000,90.28000000,88.68000000,88.92000000,558.15100000,50106.79576000,118,502.22600000,45105.93542000
2026-03-02T17:00:00.000Z,88.65000000,88.65000000,86.50000000,87.48000000,96.77800000,8470.24814000,71,49.20200000,4316.87350000
2026-03-02T18:00:00.000Z,87.25000000,87.84000000,86.78000000,87.23000000,51.90600000,4536.84604000,26,20.71300000,1811.07676000
2026-03-02T19:00:00.000Z,87.27000000,87.62000000,86.77000000,87.62000000,102.96800000,8988.65317000,41,60.06100000,5245.75519000
2026-03-02T20:00:00.000Z,87.66000000,88.05000000,86.97000000,87.67000000,33.93500000,2971.29290000,52,32.24000000,2823.08534000
2026-03-02T21:00:00.000Z,87.54000000,87.71000000,87.43000000,87.52000000,42.92200000,3759.75055000,32,35.66400000,3124.47629000
2026-03-02T22:00:00.000Z,87.63000000,88.23000000,87.31000000,87.94000000,172.58400000,15170.18735000,59,93.53800000,8230.01043000
2026-03-02T23:00:00.000Z,87.87000000,87.88000000,86.39000000,86.71000000,189.76700000,16491.70440000,64,125.97800000,10950.27612000
2026-03-03T00:00:00.000Z,86.63000000,87.31000000,86.14000000,86.92000000,236.05200000,20444.69166000,56,82.88800000,7194.07443000
2026-03-03T01:00:00.000Z,86.80000000,87.02000000,86.25000000,86.25000000,108.19600000,9360.30024000,17,28.74400000,2492.89817000
2026-03-03T02:00:00.000Z,86.11000000,86.30000000,85.30000000,86.15000000,94.53700000,8096.44848000,61,32.82100000,2812.71801000
2026-03-03T03:00:00.000Z,86.28000000,86.62000000,85.98000000,86.59000000,19.47400000,1678.52608000,17,13.13300000,1132.98447000
2026-03-03T04:00:00.000Z,86.40000000,86.40000000,85.71000000,85.71000000,40.13300000,3457.07699000,11,6.35100000,546.93627000
2026-03-03T05:00:00.000Z,85.78000000,86.75000000,85.61000000,85.83000000,114.60400000,9858.00435000,28,37.20300000,3206.43641000
2026-03-03T06:00:00.000Z,85.63000000,85.91000000,85.41000000,85.91000000,85.25100000,7302.01750000,18,22.17100000,1898.34800000
2026-03-03T07:00:00.000Z,85.86000000,86.08000000,85.58000000,85.73000000,77.07300000,6617.79375000,22,44.17800000,3796.52221000
2026-03-03T08:00:00.000Z,85.58000000,85.63000000,83.92000000,84.25000000,165.07200000,13972.92482000,67,34.34900000,2916.29555000
2026-03-03T09:00:00.000Z,84.41000000,84.98000000,84.06000000,84.27000000,88.28700000,7464.72938000,28,33.12900000,2798.57376000
2026-03-03T10:00:00.000Z,83.94000000,84.50000000,83.71000000,83.93000000,34.83300000,2929.03406000,16,12.65200000,1064.81481000
2026-03-03T11:00:00.000Z,84.14000000,84.31000000,83.88000000,84.25000000,47.36800000,3982.62393000,15,17.40000000,1464.30045000
2026-03-03T12:00:00.000Z,84.24000000,85.16000000,84.18000000,84.31000000,92.45600000,7817.20582000,27,42.73300000,3614.99447000
2026-03-03T13:00:00.000Z,84.04000000,84.13000000,83.25000000,83.64000000,106.95000000,8966.66764000,35,59.05000000,4946.49939000
2026-03-03T14:00:00.000Z,83.44000000,84.37000000,82.53000000,83.30000000,310.90900000,25960.84586000,125,185.00100000,15458.93524000
2026-03-03T15:00:00.000Z,83.24000000,85.11000000,83.17000000,84.86000000,334.46800000,28139.71075000,118,248.71600000,20923.24257000
2026-03-03T16:00:00.000Z,85.14000000,87.33000000,84.41000000,85.49000000,356.64300000,30522.10741000,155,173.15000000,14837.57195000
2026-03-03T17:00:00.000Z,84.86000000,85.28000000,84.24000000,85.21000000,109.75300000,9298.96505000,47,57.06900000,4830.67021000
2026-03-03T18:00:00.000Z,85.25000000,85.90000000,84.60000000,85.42000000,174.62700000,14912.37974000,34,127.87600000,10915.40440000
2026-03-03T19:00:00.000Z,85.26000000,85.71000000,84.81000000,85.12000000,283.60400000,24164.70420000,46,105.38200000,8989.93360000
2026-03-03T20:00:00.000Z,85.14000000,85.28000000,84.80000000,84.87000000,365.44800000,31053.36211000,41,65.95200000,5610.28625000
2026-03-03T21:00:00.000Z,84.65000000,84.96000000,84.27000000,84.96000000,29.36600000,2482.14706000,19,17.11900000,1447.85088000
2026-03-03T22:00:00.000Z,85.16000000,86.59000000,85.16000000,86.24000000,80.32300000,6904.20346000,37,24.75400000,2133.19461000
2026-03-03T23:00:00.000Z,86.72000000,87.42000000,86.65000000,86.96000000,119.49700000,10414.15865000,67,38.67700000,3367.31113000
2026-03-04T00:00:00.000Z,86.96000000,87.38000000,86.36000000,86.58000000,52.13700000,4531.61662000,37,30.81100000,2678.30369000
2026-03-04T01:00:00.000Z,86.71000000,88.05000000,86.55000000,87.24000000,84.26300000,7359.71355000,83,56.74400000,4959.59618000
2026-03-04T02:00:00.000Z,87.17000000,87.29000000,86.59000000,87.07000000,37.33200000,3247.54615000,27,26.68900000,2321.76777000
2026-03-04T03:00:00.000Z,86.96000000,86.97000000,85.16000000,85.59000000,192.00900000,16603.59126000,66,32.78800000,2811.19751000
2026-03-04T04:00:00.000Z,85.78000000,85.78000000,84.89000000,85.40000000,132.52900000,11282.54222000,40,33.87800000,2889.10881000
2026-03-04T05:00:00.000Z,85.36000000,85.94000000,84.82000000,85.78000000,129.60700000,11066.84397000,35,18.73100000,1604.57618000
2026-03-04T06:00:00.000Z,85.44000000,86.05000000,85.04000000,85.49000000,93.52800000,7999.18042000,33,29.53600000,2529.57439000
2026-03-04T07:00:00.000Z,85.71000000,87.51000000,85.55000000,87.51000000,53.60800000,4640.81083000,47,17.62200000,1529.71192000
2026-03-04T08:00:00.000Z,87.51000000,89.85000000,87.00000000,89.74000000,253.55900000,22446.67159000,124,213.66000000,18934.35144000
2026-03-04T09:00:00.000Z,89.75000000,91.39000000,89.49000000,90.47000000,164.76800000,14905.48593000,100,119.26600000,10778.48446000
2026-03-04T10:00:00.000Z,90.56000000,91.00000000,89.92000000,90.12000000,178.21000000,16083.98789000,66,59.61900000,5383.63747000
2026-03-04T11:00:00.000Z,90.24000000,90.50000000,89.48000000,89.79000000,70.14000000,6299.83899000,53,62.73900000,5633.43996000
2026-03-04T12:00:00.000Z,89.80000000,89.88000000,88.76000000,89.49000000,325.17400000,29038.80081000,71,222.28600000,19835.41821000
2026-03-04T13:00:00.000Z,89.40000000,90.12000000,89.40000000,90.03000000,205.57400000,18477.19690000,48,185.24300000,16654.62379000
2026-03-04T14:00:00.000Z,90.04000000,91.69000000,89.64000000,90.32000000,367.35700000,33164.86752000,127,320.05200000,28892.47513000
2026-03-04T15:00:00.000Z,90.29000000,93.10000000,90.29000000,92.90000000,688.34300000,63147.08883000,163,531.26800000,48712.44822000
2026-03-04T16:00:00.000Z,92.99000000,93.13000000,91.02000000,91.62000000,630.34200000,57838.25229000,93,144.12400000,13245.82339000
2026-03-04T17:00:00.000Z,91.65000000,92.13000000,90.74000000,91.59000000,320.08500000,29219.13629000,72,266.05500000,24297.64885000
2026-03-04T18:00:00.000Z,91.57000000,92.35000000,91.13000000,92.24000000,95.18800000,8742.30407000,43,72.46800000,6660.13182000
2026-03-04T19:00:00.000Z,92.40000000,94.02000000,92.33000000,93.17000000,264.50200000,24578.05981000,109,233.38800000,21698.51314000
2026-03-04T20:00:00.000Z,93.28000000,93.73000000,92.84000000,92.88000000,271.42200000,25310.34369000,145,150.17700000,14018.70191000
2026-03-04T21:00:00.000Z,92.87000000,92.87000000,92.20000000,92.26000000,23.99100000,2219.38911000,26,8.83000000,817.27083000
2026-03-04T22:00:00.000Z,92.60000000,92.78000000,91.22000000,91.25000000,86.52400000,7956.95844000,45,30.24200000,2776.85187000
2026-03-04T23:00:00.000Z,91.17000000,91.33000000,90.36000000,90.74000000,92.91100000,8443.96134000,46,39.09500000,3557.94175000
2026-03-05T00:00:00.000Z,91.01000000,91.36000000,90.84000000,90.84000000,57.37200000,5225.50820000,26,49.03100000,4466.39647000
2026-03-05T01:00:00.000Z,90.72000000,91.40000000,89.83000000,89.97000000,240.14400000,21729.27854000,85,172.98200000,15660.30216000
2026-03-05T02:00:00.000Z,90.19000000,90.59000000,90.14000000,90.14000000,58.06000000,5246.95138000,37,37.52500000,3391.84264000
2026-03-05T03:00:00.000Z,90.23000000,90.44000000,89.64000000,90.05000000,121.28700000,10922.09405000,52,68.15300000,6151.38920000
2026-03-05T04:00:00.000Z,90.01000000,90.75000000,89.98000000,90.34000000,80.09100000,7237.32175000,32,73.60800000,6650.82254000
2026-03-05T05:00:00.000Z,90.61000000,90.62000000,90.05000000,90.11000000,44.65400000,4024.05926000,24,12.64100000,1139.40556000
2026-03-05T06:00:00.000Z,89.96000000,90.98000000,89.72000000,90.89000000,231.26400000,20913.00278000,28,195.43200000,17662.48468000
2026-03-05T07:00:00.000Z,91.01000000,91.23000000,89.86000000,89.94000000,41.62100000,3765.65970000,22,32.46700000,2939.72523000
2026-03-05T08:00:00.000Z,89.96000000,90.63000000,89.70000000,90.63000000,13.76800000,1242.24443000,13,10.88000000,982.06128000
2026-03-05T09:00:00.000Z,90.62000000,91.80000000,90.62000000,91.26000000,110.39800000,10063.00296000,31,88.02700000,8022.99028000
2026-03-05T10:00:00.000Z,91.37000000,92.88000000,91.37000000,92.63000000,159.79800000,14764.52779000,49,90.69200000,8371.19156000
2026-03-05T11:00:00.000Z,92.69000000,92.69000000,91.65000000,91.69000000,27.42900000,2523.63047000,22,12.53400000,1149.88215000
2026-03-05T12:00:00.000Z,91.92000000,92.14000000,91.45000000,92.00000000,55.14000000,5055.26835000,24,36.13200000,3312.26668000
2026-03-05T13:00:00.000Z,91.77000000,91.77000000,90.48000000,90.83000000,74.79300000,6810.59349000,40,48.05600000,4375.87585000
2026-03-05T14:00:00.000Z,90.79000000,91.48000000,89.89000000,90.99000000,110.38500000,9999.90614000,44,59.14500000,5368.13054000
2026-03-05T15:00:00.000Z,90.96000000,90.96000000,88.89000000,89.41000000,256.98200000,22996.93646000,79,34.35600000,3079.76311000
2026-03-05T16:00:00.000Z,89.52000000,89.52000000,87.98000000,89.01000000,118.87600000,10540.05270000,65,61.55100000,5453.47422000
2026-03-05T17:00:00.000Z,88.97000000,89.40000000,88.00000000,88.11000000,143.48000000,12680.64868000,48,79.01100000,6988.93077000
2026-03-05T18:00:00.000Z,88.09000000,88.59000000,88.09000000,88.59000000,39.64800000,3497.40899000,22,25.93400000,2287.80747000
2026-03-05T19:00:00.000Z,88.89000000,89.18000000,88.89000000,88.90000000,19.24800000,1713.04657000,14,9.71400000,864.60670000
2026-03-05T20:00:00.000Z,88.77000000,89.50000000,88.70000000,89.04000000,85.43800000,7614.74031000,27,53.03200000,4728.19418000
2026-03-05T21:00:00.000Z,89.29000000,89.84000000,89.13000000,89.13000000,60.21400000,5397.15625000,16,23.66400000,2120.10993000
2026-03-05T22:00:00.000Z,89.14000000,89.21000000,88.90000000,89.17000000,135.18000000,12038.60885000,17,4.21900000,375.46156000
2026-03-05T23:00:00.000Z,89.06000000,89.06000000,88.69000000,88.74000000,17.58300000,1561.42904000,11,2.71500000,241.58081000
2026-03-06T00:00:00.000Z,88.85000000,88.87000000,88.68000000,88.68000000,16.51500000,1466.29770000,14,2.50600000,222.59246000
2026-03-06T01:00:00.000Z,88.76000000,89.17000000,88.05000000,89.14000000,23.56200000,2091.19688000,17,7.95400000,703.58158000
2026-03-06T02:00:00.000Z,89.04000000,89.25000000,88.33000000,88.39000000,55.77000000,4938.22141000,22,19.39000000,1719.60999000
2026-03-06T03:00:00.000Z,88.47000000,88.64000000,88.22000000,88.38000000,166.51000000,14746.39341000,28,126.73800000,11227.75532000
2026-03-06T04:00:00.000Z,88.32000000,88.52000000,87.70000000,88.15000000,65.95100000,5817.81711000,24,11.23500000,991.78337000
2026-03-06T05:00:00.000Z,88.12000000,88.12000000,87.54000000,87.98000000,11.75500000,1030.01950000,15,3.16900000,277.76084000
2026-03-06T06:00:00.000Z,87.75000000,88.45000000,87.75000000,88.17000000,19.07000000,1680.77346000,13,11.00800000,971.80818000
2026-03-06T07:00:00.000Z,88.19000000,88.89000000,88.06000000,88.74000000,25.76800000,2278.83684000,18,7.10700000,628.06272000
2026-03-06T08:00:00.000Z,88.64000000,88.64000000,88.41000000,88.58000000,9.59600000,848.80099000,10,8.87200000,784.75851000
2026-03-06T09:00:00.000Z,88.41000000,88.52000000,87.18000000,87.18000000,51.54100000,4520.85173000,25,17.16500000,1510.58062000
2026-03-06T10:00:00.000Z,87.77000000,87.90000000,87.63000000,87.89000000,32.42100000,2843.83100000,7,4.09900000,360.05252000
2026-03-06T11:00:00.000Z,87.60000000,87.84000000,87.12000000,87.27000000,17.38800000,1519.70188000,14,8.12900000,710.01547000
2026-03-06T12:00:00.000Z,87.25000000,87.25000000,86.00000000,86.19000000,154.31200000,13358.23435000,44,28.63600000,2476.28585000
2026-03-06T13:00:00.000Z,86.57000000,86.82000000,85.57000000,85.57000000,248.68500000,21316.74375000,36,7.37500000,638.36426000
2026-03-06T14:00:00.000Z,85.56000000,85.60000000,83.98000000,84.19000000,290.54200000,24593.66922000,72,49.66900000,4202.32870000
2026-03-06T15:00:00.000Z,84.48000000,85.15000000,84.29000000,84.61000000,232.43300000,19694.76688000,33,46.22100000,3931.67265000
2026-03-06T16:00:00.000Z,84.61000000,84.94000000,84.20000000,84.40000000,24.12500000,2032.50450000,8,2.05700000,173.75850000
2026-03-06T17:00:00.000Z,84.43000000,84.66000000,83.60000000,83.69000000,111.16300000,9366.68655000,39,85.21900000,7181.23075000
2026-03-06T18:00:00.000Z,84.17000000,85.60000000,84.17000000,85.44000000,122.81900000,10452.37262000,44,61.50700000,5226.07676000
2026-03-06T19:00:00.000Z,85.28000000,85.77000000,85.17000000,85.22000000,18.74600000,1601.50752000,18,6.39300000,546.68334000
2026-03-06T20:00:00.000Z,85.27000000,85.36000000,84.66000000,85.10000000,42.11600000,3579.23602000,29,39.67000000,3371.36518000
2026-03-06T21:00:00.000Z,85.03000000,85.03000000,84.48000000,84.72000000,96.82500000,8193.03810000,17,75.00500000,6347.93666000
2026-03-06T22:00:00.000Z,84.66000000,85.00000000,84.62000000,85.00000000,78.26500000,6627.43932000,13,49.92200000,4227.54304000
2026-03-06T23:00:00.000Z,84.93000000,85.04000000,84.62000000,84.68000000,42.39700000,3591.96852000,17,13.52500000,1147.70753000
2026-03-07T00:00:00.000Z,84.76000000,85.00000000,84.76000000,84.77000000,164.34400000,13933.43484000,14,5.15000000,436.79482000
2026-03-07T01:00:00.000Z,84.87000000,84.87000000,84.61000000,84.70000000,3.96500000,336.04106000,6,0.19900000,16.84961000
2026-03-07T02:00:00.000Z,84.66000000,84.73000000,84.50000000,84.62000000,180.83400000,15282.52745000,15,177.63300000,15012.04144000
2026-03-07T03:00:00.000Z,84.68000000,85.06000000,84.42000000,84.42000000,110.47100000,9348.35185000,21,97.61200000,8260.12713000
2026-03-07T04:00:00.000Z,84.35000000,84.35000000,84.03000000,84.20000000,37.05900000,3120.93593000,12,6.07100000,510.18901000
2026-03-07T05:00:00.000Z,84.33000000,84.47000000,84.15000000,84.47000000,75.15900000,6330.64194000,15,75.06700000,6322.89278000
2026-03-07T06:00:00.000Z,84.31000000,84.32000000,84.00000000,84.00000000,63.67200000,5357.66973000,16,7.05900000,594.53016000
2026-03-07T07:00:00.000Z,83.96000000,84.45000000,83.96000000,84.45000000,13.56300000,1142.16674000,9,4.04700000,341.39554000
2026-03-07T08:00:00.000Z,84.28000000,84.55000000,84.28000000,84.55000000,14.54500000,1228.33593000,6,14.45300000,1220.58217000
2026-03-07T09:00:00.000Z,84.29000000,84.63000000,84.29000000,84.63000000,1.27300000,107.70169000,2,1.27300000,107.70169000
2026-03-07T10:00:00.000Z,84.62000000,84.62000000,84.61000000,84.61000000,57.03400000,4825.67874000,5,11.45500000,969.22755000
2026-03-07T11:00:00.000Z,84.64000000,84.75000000,84.64000000,84.75000000,1.60700000,136.06034000,4,1.60700000,136.06034000
2026-03-07T12:00:00.000Z,84.67000000,84.67000000,84.27000000,84.27000000,37.26300000,3146.88265000,7,0.11800000,9.99106000
2026-03-07T13:00:00.000Z,84.34000000,84.53000000,84.30000000,84.33000000,54.02500000,4560.92815000,11,34.25300000,2893.60098000
2026-03-07T14:00:00.000Z,84.10000000,84.33000000,83.71000000,84.24000000,8.96800000,753.20976000,13,3.51700000,295.58712000
2026-03-07T15:00:00.000Z,84.21000000,84.21000000,83.53000000,83.78000000,129.81000000,10860.87413000,26,27.63100000,2318.74340000
2026-03-07T16:00:00.000Z,83.65000000,83.78000000,83.55000000,83.55000000,29.04600000,2427.33956000,10,5.36800000,448.89712000
2026-03-07T17:00:00.000Z,83.56000000,84.04000000,83.51000000,84.00000000,67.88300000,5695.14493000,21,54.30500000,4559.64899000
2026-03-07T18:00:00.000Z,83.51000000,83.51000000,83.07000000,83.39000000,77.97500000,6493.98343000,29,30.19300000,2518.50863000
2026-03-07T19:00:00.000Z,83.30000000,83.30000000,82.33000000,82.33000000,199.58400000,16541.95041000,52,14.66200000,1216.55137000
2026-03-07T20:00:00.000Z,82.58000000,83.09000000,82.58000000,83.07000000,238.06000000,19702.38509000,25,205.44900000,16997.16307000
2026-03-07T21:00:00.000Z,83.03000000,83.11000000,82.91000000,82.91000000,155.47600000,12915.07963000,18,67.21600000,5582.64457000
2026-03-07T22:00:00.000Z,82.70000000,83.04000000,82.70000000,83.04000000,17.99300000,1490.12880000,3,7.99300000,663.12880000
2026-03-07T23:00:00.000Z,82.95000000,83.22000000,82.95000000,83.19000000,9.03700000,751.63549000,7,2.42300000,201.41683000
2026-03-08T00:00:00.000Z,83.33000000,83.47000000,83.01000000,83.01000000,19.36300000,1612.66272000,14,6.74000000,560.17710000
2026-03-08T01:00:00.000Z,83.15000000,83.16000000,82.79000000,82.79000000,11.52000000,956.40613000,7,7.06300000,586.09804000
2026-03-08T02:00:00.000Z,82.96000000,83.03000000,82.14000000,82.48000000,36.33800000,3001.10222000,20,19.90900000,1644.95634000
2026-03-08T03:00:00.000Z,82.42000000,82.58000000,82.36000000,82.36000000,98.02500000,8083.76942000,23,55.86000000,4605.69309000
2026-03-08T04:00:00.000Z,82.47000000,82.49000000,81.75000000,81.97000000,73.02600000,5986.69218000,27,35.72100000,2929.83556000
2026-03-08T05:00:00.000Z,82.05000000,82.66000000,82.05000000,82.53000000,9.51600000,784.60220000,14,6.36300000,524.62249000
2026-03-08T06:00:00.000Z,82.57000000,82.57000000,82.28000000,82.49000000,5.60600000,462.52217000,5,3.21700000,265.37129000
2026-03-08T07:00:00.000Z,82.43000000,83.03000000,82.43000000,82.86000000,15.40700000,1277.51562000,11,10.92000000,905.81712000
2026-03-08T08:00:00.000Z,82.54000000,82.99000000,82.54000000,82.99000000,10.35300000,856.97279000,5,6.76600000,560.82810000
2026-03-08T09:00:00.000Z,83.23000000,83.23000000,83.14000000,83.19000000,7.60200000,632.39326000,5,4.84000000,402.70048000
2026-03-08T10:00:00.000Z,83.17000000,84.04000000,83.17000000,83.74000000,78.92400000,6580.65364000,27,31.96300000,2667.56837000
2026-03-08T11:00:00.000Z,83.48000000,83.51000000,82.62000000,82.70000000,26.92000000,2230.51807000,30,4.16000000,345.96617000
2026-03-08T12:00:00.000Z,82.80000000,82.84000000,81.71000000,82.37000000,501.97500000,41409.53636000,40,22.92700000,1892.57661000
2026-03-08T13:00:00.000Z,82.33000000,82.33000000,81.26000000,82.13000000,74.41200000,6096.70668000,43,24.63700000,2014.83586000
2026-03-08T14:00:00.000Z,82.15000000,82.33000000,82.08000000,82.33000000,86.91500000,7147.48818000,16,66.40200000,5461.32909000
2026-03-08T15:00:00.000Z,82.30000000,82.31000000,82.05000000,82.08000000,55.89900000,4596.28072000,21,26.77100000,2200.31933000
2026-03-08T16:00:00.000Z,82.13000000,82.13000000,81.72000000,81.72000000,11.10100000,909.54101000,9,5.86500000,481.16746000
2026-03-08T17:00:00.000Z,81.58000000,81.98000000,81.44000000,81.67000000,7.48500000,611.64634000,16,6.08300000,497.17018000
2026-03-08T18:00:00.000Z,81.72000000,81.78000000,81.48000000,81.54000000,29.55600000,2411.81792000,14,15.22800000,1243.95854000
2026-03-08T19:00:00.000Z,81.62000000,82.61000000,81.62000000,82.41000000,22.92300000,1888.85522000,20,22.80100000,1878.80088000
2026-03-08T20:00:00.000Z,82.32000000,82.86000000,82.14000000,82.29000000,90.72200000,7490.62138000,41,19.78500000,1630.73057000
2026-03-08T21:00:00.000Z,82.32000000,82.32000000,81.74000000,82.22000000,49.75000000,4080.06426000,13,24.50000000,2012.01716000
2026-03-08T22:00:00.000Z,82.23000000,82.46000000,80.28000000,81.84000000,263.12300000,21350.97717000,103,73.77900000,6001.25882000
2026-03-08T23:00:00.000Z,82.24000000,82.41000000,81.67000000,81.67000000,47.66600000,3917.66849000,19,42.15800000,3465.21305000
2026-03-09T00:00:00.000Z,81.59000000,83.25000000,81.59000000,82.27000000,28.45200000,2348.46081000,38,9.44300000,780.84742000
2026-03-09T01:00:00.000Z,82.31000000,82.85000000,81.99000000,82.55000000,39.22000000,3239.10295000,38,15.92000000,1315.53112000
2026-03-09T02:00:00.000Z,82.02000000,82.91000000,81.78000000,82.91000000,23.20900000,1920.22268000,22,20.78400000,1719.98686000
2026-03-09T03:00:00.000Z,82.78000000,84.49000000,82.78000000,83.17000000,113.34700000,9465.34721000,69,69.60000000,5815.82985000
2026-03-09T04:00:00.000Z,83.22000000,83.72000000,83.16000000,83.62000000,23.83500000,1990.18137000,11,9.79200000,815.72045000
2026-03-09T05:00:00.000Z,83.42000000,84.58000000,83.36000000,84.30000000,49.33200000,4137.40528000,29,9.02100000,756.22393000
2026-03-09T06:00:00.000Z,84.10000000,84.10000000,83.27000000,83.27000000,4.41000000,368.83032000,10,0.89100000,74.71654000
2026-03-09T07:00:00.000Z,83.01000000,83.24000000,82.41000000,83.24000000,21.45200000,1775.78006000,17,11.92600000,986.72820000
2026-03-09T08:00:00.000Z,83.24000000,83.76000000,83.04000000,83.71000000,17.99300000,1504.07345000,12,9.18800000,767.02145000
2026-03-09T09:00:00.000Z,83.50000000,84.58000000,83.47000000,84.55000000,12.52900000,1050.87408000,14,8.02800000,674.54036000
2026-03-09T10:00:00.000Z,83.95000000,83.96000000,83.64000000,83.64000000,6.26600000,525.41620000,7,3.60200000,301.99474000
2026-03-09T11:00:00.000Z,83.53000000,83.75000000,83.12000000,83.75000000,29.19100000,2436.64783000,12,25.55100000,2132.43721000
2026-03-09T12:00:00.000Z,83.62000000,84.14000000,83.62000000,83.99000000,21.35800000,1794.58182000,11,6.63700000,557.48789000
2026-03-09T13:00:00.000Z,84.12000000,85.72000000,84.12000000,85.29000000,151.63300000,12951.57691000,66,139.18500000,11895.16676000
2026-03-09T14:00:00.000Z,85.29000000,85.62000000,84.57000000,85.46000000,215.98200000,18434.79954000,44,105.04100000,8948.96129000
2026-03-09T15:00:00.000Z,85.34000000,85.42000000,84.68000000,84.99000000,153.96300000,13101.20662000,24,129.09100000,10993.62314000
2026-03-09T16:00:00.000Z,85.12000000,85.55000000,84.93000000,85.15000000,51.49700000,4382.77154000,25,23.77800000,2023.17227000
2026-03-09T17:00:00.000Z,85.15000000,85.26000000,84.44000000,85.26000000,37.83900000,3211.88777000,29,30.18500000,2562.70736000
2026-03-09T18:00:00.000Z,85.00000000,85.56000000,84.59000000,85.22000000,57.01700000,4860.40908000,37,34.51400000,2943.65452000
2026-03-09T19:00:00.000Z,85.33000000,86.99000000,85.10000000,85.93000000,238.12800000,20503.23019000,99,125.18300000,10768.04522000
2026-03-09T20:00:00.000Z,86.15000000,86.15000000,85.29000000,85.83000000,18.02400000,1543.21533000,23,3.80200000,326.21374000
2026-03-09T21:00:00.000Z,85.84000000,86.31000000,85.84000000,86.05000000,284.00900000,24463.57645000,44,256.94300000,22135.00086000
2026-03-09T22:00:00.000Z,86.10000000,86.27000000,85.64000000,85.69000000,31.65200000,2718.78736000,21,8.72000000,750.06215000
2026-03-09T23:00:00.000Z,85.63000000,85.98000000,84.81000000,85.00000000,58.73200000,4999.64652000,37,29.38200000,2503.93623000
2026-03-10T00:00:00.000Z,84.96000000,85.79000000,84.90000000,85.55000000,118.47500000,10129.14132000,31,98.78000000,8455.62992000
2026-03-10T01:00:00.000Z,85.67000000,85.82000000,85.15000000,85.82000000,94.27800000,8071.66617000,19,79.43300000,6804.31953000
2026-03-10T02:00:00.000Z,85.72000000,86.88000000,85.60000000,86.76000000,224.05900000,19377.52147000,78,109.92900000,9498.34814000
2026-03-10T03:00:00.000Z,86.57000000,86.74000000,85.57000000,85.57000000,65.15700000,5606.89484000,27,14.71100000,1264.59188000
2026-03-10T04:00:00.000Z,85.70000000,86.67000000,85.44000000,86.51000000,48.81000000,4199.89378000,33,26.17100000,2255.89354000
2026-03-10T05:00:00.000Z,86.54000000,86.92000000,86.36000000,86.37000000,61.32200000,5296.73038000,20,51.57100000,4454.49396000
2026-03-10T06:00:00.000Z,86.37000000,86.38000000,86.25000000,86.38000000,23.52800000,2031.89471000,8,5.46900000,472.24266000
2026-03-10T07:00:00.000Z,86.26000000,86.83000000,86.26000000,86.68000000,71.09500000,6164.80448000,26,64.10500000,5560.22496000
2026-03-10T08:00:00.000Z,86.94000000,87.41000000,86.70000000,86.73000000,180.35600000,15682.62395000,67,77.66800000,6748.87251000
2026-03-10T09:00:00.000Z,86.65000000,87.43000000,86.65000000,87.16000000,16.37900000,1427.66259000,37,7.31200000,639.00323000
2026-03-10T10:00:00.000Z,87.27000000,87.62000000,87.12000000,87.12000000,50.10500000,4383.54162000,19,8.23800000,719.60169000
2026-03-10T11:00:00.000Z,86.88000000,86.92000000,86.65000000,86.65000000,6.51000000,565.58728000,5,0.06700000,5.81694000
2026-03-10T12:00:00.000Z,86.83000000,86.83000000,86.43000000,86.46000000,29.01800000,2510.62487000,16,4.26000000,368.50961000
2026-03-10T13:00:00.000Z,86.83000000,87.25000000,85.82000000,86.41000000,68.83100000,5968.90412000,36,51.71700000,4494.73019000
2026-03-10T14:00:00.000Z,85.70000000,88.21000000,84.94000000,88.04000000,526.44800000,46180.39287000,115,328.89600000,28850.17060000
2026-03-10T15:00:00.000Z,88.19000000,88.56000000,87.41000000,88.32000000,136.22600000,11981.17939000,55,89.19600000,7853.32012000
2026-03-10T16:00:00.000Z,88.34000000,88.68000000,87.74000000,88.68000000,126.17100000,11115.08205000,40,48.96800000,4303.87590000
2026-03-10T17:00:00.000Z,88.79000000,88.79000000,87.70000000,87.76000000,55.50300000,4901.61402000,15,29.85000000,2636.80746000
2026-03-10T18:00:00.000Z,87.93000000,88.01000000,86.11000000,86.18000000,137.83000000,11984.80711000,62,106.96400000,9290.90798000
2026-03-10T19:00:00.000Z,86.21000000,86.36000000,85.70000000,86.01000000,351.27700000,30174.84767000,47,28.77600000,2482.04512000
2026-03-10T20:00:00.000Z,85.99000000,86.33000000,85.99000000,86.16000000,26.83000000,2312.36326000,16,8.89000000,766.85801000
2026-03-10T21:00:00.000Z,86.27000000,86.38000000,85.36000000,85.81000000,165.94400000,14224.49620000,37,76.58700000,6576.04404000
2026-03-10T22:00:00.000Z,85.72000000,85.72000000,85.03000000,85.54000000,204.32600000,17457.94923000,50,120.26900000,10269.83914000
2026-03-10T23:00:00.000Z,85.62000000,85.89000000,85.38000000,85.89000000,117.94900000,10100.72717000,43,94.68600000,8110.29373000
2026-03-11T00:00:00.000Z,85.72000000,86.12000000,85.63000000,86.00000000,91.26200000,7833.91895000,47,86.01600000,7383.16640000
2026-03-11T01:00:00.000Z,86.09000000,86.29000000,85.70000000,86.07000000,99.89600000,8596.28697000,36,96.52900000,8306.49178000
2026-03-11T02:00:00.000Z,86.11000000,86.13000000,85.65000000,85.78000000,25.54900000,2195.60073000,12,23.00100000,1976.77985000
2026-03-11T03:00:00.000Z,86.17000000,86.17000000,85.61000000,85.66000000,117.42900000,10055.62064000,17,8.52600000,730.53831000
2026-03-11T04:00:00.000Z,85.63000000,86.72000000,85.49000000,86.72000000,92.61100000,7991.55229000,36,58.38500000,5040.29312000
2026-03-11T05:00:00.000Z,86.84000000,86.85000000,85.71000000,85.78000000,175.28600000,15151.50725000,35,10.62400000,916.53879000
2026-03-11T06:00:00.000Z,85.77000000,86.17000000,85.77000000,86.05000000,2.58100000,221.88205000,5,0.26500000,22.82113000
2026-03-11T07:00:00.000Z,86.02000000,86.12000000,85.26000000,85.26000000,30.42700000,2605.05829000,15,14.41500000,1236.32309000
2026-03-11T08:00:00.000Z,85.46000000,85.50000000,85.38000000,85.49000000,48.50800000,4144.76415000,10,45.14200000,3857.14996000
2026-03-11T09:00:00.000Z,85.42000000,85.47000000,84.83000000,84.83000000,12.35300000,1051.05076000,17,0.19300000,16.47259000
2026-03-11T10:00:00.000Z,85.11000000,85.35000000,85.11000000,85.35000000,30.45900000,2597.45337000,12,5.09400000,433.77246000
2026-03-11T11:00:00.000Z,85.11000000,85.15000000,84.42000000,84.62000000,30.34200000,2565.78269000,25,8.80100000,746.84383000
2026-03-11T12:00:00.000Z,84.64000000,85.71000000,84.41000000,85.27000000,68.61500000,5846.82269000,27,44.60700000,3806.63641000
2026-03-11T13:00:00.000Z,85.17000000,87.39000000,85.06000000,85.93000000,460.00300000,39567.19042000,108,346.34500000,29826.05617000
2026-03-11T14:00:00.000Z,86.01000000,87.12000000,85.79000000,86.61000000,1124.38700000,97130.16383000,430,1076.48900000,93001.77496000
2026-03-11T15:00:00.000Z,86.60000000,86.69000000,84.64000000,85.41000000,845.42800000,72247.24847000,323,485.79300000,41483.52820000
2026-03-11T16:00:00.000Z,85.39000000,86.50000000,85.39000000,86.39000000,854.13200000,73648.49651000,244,468.90900000,40397.37603000
2026-03-11T17:00:00.000Z,86.51000000,87.79000000,86.51000000,87.18000000,534.97800000,46532.95537000,154,409.25200000,35541.11130000
2026-03-11T18:00:00.000Z,87.33000000,88.03000000,87.33000000,87.92000000,255.64200000,22389.84632000,67,115.43400000,10115.49434000
2026-03-11T19:00:00.000Z,87.61000000,87.61000000,86.98000000,87.22000000,1140.06500000,99465.57303000,135,553.02100000,48232.12242000
2026-03-11T20:00:00.000Z,87.17000000,87.44000000,87.01000000,87.35000000,175.37300000,15291.66016000,33,8.40500000,732.79326000
2026-03-11T21:00:00.000Z,87.39000000,87.57000000,87.15000000,87.48000000,7.37500000,644.38983000,19,3.32500000,290.49814000
2026-03-11T22:00:00.000Z,87.50000000,87.81000000,86.97000000,87.00000000,36.61900000,3194.22396000,27,3.76300000,328.05688000
2026-03-11T23:00:00.000Z,87.11000000,87.20000000,86.58000000,86.60000000,134.01400000,11626.92519000,45,41.72300000,3619.89622000
2026-03-12T00:00:00.000Z,86.56000000,86.77000000,86.43000000,86.69000000,15.52700000,1345.18069000,35,6.83200000,591.90907000
2026-03-12T01:00:00.000Z,86.32000000,86.46000000,86.00000000,86.05000000,42.29800000,3651.79454000,77,33.09400000,2857.58405000
2026-03-12T02:00:00.000Z,86.02000000,86.17000000,85.26000000,85.26000000,21.47900000,1842.42630000,36,9.70800000,835.00947000
2026-03-12T03:00:00.000Z,85.24000000,85.50000000,84.75000000,84.84000000,128.26400000,10951.71392000,37,116.68400000,9967.00158000
2026-03-12T04:00:00.000Z,84.98000000,85.22000000,84.98000000,85.07000000,19.83200000,1688.11077000,13,8.57800000,730.49505000
2026-03-12T05:00:00.000Z,85.17000000,85.24000000,84.95000000,85.13000000,80.34500000,6843.37319000,17,2.89300000,246.14055000
2026-03-12T06:00:00.000Z,85.01000000,85.10000000,85.01000000,85.10000000,2.01400000,171.34948000,5,0.30800000,26.19010000
2026-03-12T07:00:00.000Z,85.43000000,85.79000000,85.24000000,85.74000000,13.69000000,1171.40272000,10,2.53500000,216.89302000
2026-03-12T08:00:00.000Z,86.04000000,86.04000000,85.81000000,85.94000000,3.78000000,324.76241000,3,3.78000000,324.76241000
2026-03-12T09:00:00.000Z,85.71000000,86.68000000,85.71000000,86.07000000,1.83600000,158.42150000,14,1.40400000,121.11492000
2026-03-12T10:00:00.000Z,86.19000000,86.91000000,86.12000000,86.89000000,24.10400000,2091.83501000,15,23.14600000,2009.32859000
2026-03-12T11:00:00.000Z,86.77000000,87.06000000,86.66000000,86.87000000,3.70100000,321.50899000,9,2.04300000,177.51393000
2026-03-12T12:00:00.000Z,86.81000000,87.50000000,86.61000000,87.50000000,30.42900000,2649.25052000,29,17.95900000,1562.14387000
2026-03-12T13:00:00.000Z,87.29000000,87.62000000,86.39000000,86.39000000,24.58800000,2147.38793000,38,23.14600000,2021.82642000
2026-03-12T14:00:00.000Z,86.77000000,87.57000000,85.26000000,85.57000000,184.83300000,16052.61164000,85,32.71000000,2844.88048000
2026-03-12T15:00:00.000Z,85.57000000,86.90000000,85.24000000,86.52000000,89.57300000,7686.59969000,98,24.55900000,2124.31754000
2026-03-12T16:00:00.000Z,86.53000000,86.89000000,85.90000000,86.85000000,7.37200000,637.87093000,33,5.45400000,472.37118000
2026-03-12T17:00:00.000Z,86.72000000,86.98000000,86.52000000,86.98000000,333.67600000,28901.33756000,24,7.41600000,643.24392000
2026-03-12T18:00:00.000Z,86.59000000,86.62000000,85.85000000,85.85000000,80.71200000,6967.75228000,36,53.05700000,4578.75717000
2026-03-12T19:00:00.000Z,85.92000000,86.85000000,85.67000000,86.85000000,13.53300000,1162.95560000,42,10.85500000,932.69378000
2026-03-12T20:00:00.000Z,86.82000000,86.89000000,86.44000000,86.50000000,58.33100000,5057.42194000,23,56.45900000,4895.26303000
2026-03-12T21:00:00.000Z,86.49000000,86.65000000,86.20000000,86.52000000,97.53600000,8421.60015000,24,15.74500000,1359.46438000
2026-03-12T22:00:00.000Z,86.54000000,86.54000000,85.97000000,86.19000000,158.10500000,13612.17287000,26,150.37300000,12944.07561000
2026-03-12T23:00:00.000Z,86.36000000,87.22000000,86.36000000,86.81000000,29.11400000,2529.23555000,25,27.66900000,2403.70025000
2026-03-13T00:00:00.000Z,86.92000000,91.05000000,86.92000000,89.59000000,658.79500000,58904.32878000,211,505.72700000,45111.25694000
2026-03-13T01:00:00.000Z,90.00000000,90.62000000,89.86000000,90.47000000,184.13100000,16634.46363000,26,171.54700000,15499.68547000
2026-03-13T02:00:00.000Z,90.47000000,90.47000000,88.95000000,89.06000000,194.96600000,17423.35270000,27,180.91800000,16168.70586000
2026-03-13T03:00:00.000Z,89.12000000,89.82000000,89.12000000,89.82000000,13.38700000,1196.12928000,14,9.94200000,888.27071000
2026-03-13T04:00:00.000Z,89.66000000,89.66000000,89.22000000,89.32000000,15.97000000,1427.37540000,20,8.64700000,772.29477000
2026-03-13T05:00:00.000Z,89.25000000,89.45000000,88.94000000,89.05000000,58.21900000,5191.60732000,19,36.56200000,3264.27635000
2026-03-13T06:00:00.000Z,89.14000000,89.22000000,88.31000000,88.44000000,118.64000000,10488.60076000,38,5.30800000,470.79355000
2026-03-13T07:00:00.000Z,88.30000000,88.77000000,88.26000000,88.55000000,3.99800000,354.05361000,15,1.28200000,113.39272000
2026-03-13T08:00:00.000Z,88.63000000,89.53000000,88.61000000,89.05000000,3.04000000,270.07688000,9,1.60200000,142.63014000
2026-03-13T09:00:00.000Z,89.26000000,89.55000000,89.22000000,89.55000000,12.85800000,1151.08098000,10,12.46100000,1115.64690000
2026-03-13T10:00:00.000Z,89.49000000,90.21000000,89.49000000,90.17000000,49.14900000,4412.28266000,23,46.49300000,4173.53953000
2026-03-13T11:00:00.000Z,90.22000000,90.37000000,90.12000000,90.37000000,37.44400000,3376.78760000,21,7.07600000,638.49125000
2026-03-13T12:00:00.000Z,90.31000000,91.28000000,90.31000000,90.99000000,33.00700000,2994.98501000,40,17.31900000,1575.39365000
2026-03-13T13:00:00.000Z,91.07000000,92.21000000,91.07000000,92.00000000,207.94900000,19041.94277000,64,85.02000000,7787.24902000
2026-03-13T14:00:00.000Z,92.22000000,92.88000000,90.49000000,90.55000000,348.93800000,32121.16957000,83,140.20300000,12963.79990000
2026-03-13T15:00:00.000Z,90.65000000,91.16000000,89.31000000,89.42000000,500.82400000,45167.45105000,85,436.43400000,39376.48760000
2026-03-13T16:00:00.000Z,89.23000000,89.90000000,88.84000000,89.68000000,314.30000000,28121.71237000,49,305.45800000,27331.97855000
2026-03-13T17:00:00.000Z,89.65000000,90.06000000,88.62000000,88.67000000,330.33200000,29401.81703000,45,7.38600000,663.72516000
2026-03-13T18:00:00.000Z,88.89000000,89.02000000,88.42000000,88.90000000,89.88900000,7958.56650000,23,2.24800000,199.67676000
2026-03-13T19:00:00.000Z,88.87000000,88.91000000,88.49000000,88.86000000,59.69300000,5297.04616000,17,56.13500000,4981.32478000
2026-03-13T20:00:00.000Z,88.69000000,89.06000000,88.69000000,88.92000000,128.81400000,11446.84817000,11,128.36300000,11406.71709000
2026-03-13T21:00:00.000Z,89.00000000,89.00000000,88.45000000,88.71000000,16.76600000,1488.27453000,9,8.86400000,788.23445000
2026-03-13T22:00:00.000Z,88.32000000,88.36000000,87.76000000,87.89000000,220.56100000,19377.47886000,38,50.59800000,4444.91158000
2026-03-13T23:00:00.000Z,87.94000000,88.29000000,87.94000000,88.08000000,60.03700000,5296.24285000,13,57.48000000,5070.93469000
2026-03-14T00:00:00.000Z,88.12000000,88.28000000,87.99000000,87.99000000,64.31200000,5667.99604000,14,3.53800000,311.73485000
2026-03-14T01:00:00.000Z,88.07000000,88.07000000,87.95000000,87.95000000,2.04900000,180.37709000,6,0.63500000,55.87680000
2026-03-14T02:00:00.000Z,88.21000000,88.31000000,88.03000000,88.28000000,27.55900000,2431.29797000,11,26.30400000,2320.77484000
2026-03-14T03:00:00.000Z,88.30000000,88.50000000,88.30000000,88.45000000,160.96000000,14232.27366000,16,137.86300000,12188.98826000
2026-03-14T04:00:00.000Z,88.44000000,88.66000000,88.44000000,88.46000000,126.15100000,11168.54609000,17,40.59000000,3591.71367000
2026-03-14T05:00:00.000Z,88.27000000,88.38000000,87.96000000,88.07000000,47.61000000,4199.31870000,17,1.94100000,171.32330000
2026-03-14T06:00:00.000Z,87.70000000,87.70000000,86.98000000,87.28000000,34.80700000,3037.08308000,30,6.44600000,562.66797000
2026-03-14T07:00:00.000Z,87.34000000,87.36000000,87.22000000,87.34000000,10.83400000,946.09632000,9,10.51000000,917.83704000
2026-03-14T08:00:00.000Z,87.34000000,87.34000000,87.34000000,87.34000000,0.00000000,0.00000000,0,0.00000000,0.00000000
2026-03-14T09:00:00.000Z,87.15000000,87.17000000,86.69000000,86.69000000,4.04300000,351.57948000,8,2.13600000,185.97248000
2026-03-14T10:00:00.000Z,86.89000000,86.93000000,86.62000000,86.70000000,3.40100000,294.95466000,7,1.19100000,103.38302000
2026-03-14T11:00:00.000Z,86.76000000,87.00000000,86.76000000,86.96000000,7.60700000,661.12785000,7,0.73200000,63.66517000
2026-03-14T12:00:00.000Z,86.92000000,87.08000000,86.85000000,87.08000000,7.87700000,684.70127000,7,0.73900000,64.29524000
2026-03-14T13:00:00.000Z,87.08000000,87.30000000,87.08000000,87.16000000,118.07500000,10296.43659000,20,100.20200000,8739.16210000
2026-03-14T14:00:00.000Z,87.10000000,87.18000000,86.77000000,86.95000000,58.34800000,5066.96858000,21,5.61500000,488.38065000
2026-03-14T15:00:00.000Z,86.86000000,86.87000000,86.69000000,86.69000000,7.79000000,676.33884000,7,1.95200000,169.55106000
2026-03-14T16:00:00.000Z,86.66000000,87.07000000,86.66000000,87.07000000,5.34100000,463.55717000,6,5.34100000,463.55717000
2026-03-14T17:00:00.000Z,87.02000000,87.07000000,86.92000000,86.92000000,35.06600000,3050.52264000,14,6.81500000,592.89915000
2026-03-14T18:00:00.000Z,86.85000000,87.05000000,86.85000000,87.05000000,118.76700000,10328.58137000,12,88.65800000,7710.09120000
2026-03-14T19:00:00.000Z,86.96000000,87.08000000,86.96000000,87.06000000,4.56900000,397.42091000,10,3.79100000,329.72544000
2026-03-14T20:00:00.000Z,86.92000000,87.09000000,86.87000000,87.09000000,24.80300000,2156.91399000,11,18.30000000,1591.35435000
2026-03-14T21:00:00.000Z,87.04000000,87.19000000,86.95000000,87.19000000,6.04900000,526.45739000,7,5.06500000,440.78962000
2026-03-14T22:00:00.000Z,87.34000000,87.35000000,87.29000000,87.32000000,180.83600000,15791.93718000,12,1.46600000,128.04044000
2026-03-14T23:00:00.000Z,87.48000000,88.08000000,87.48000000,87.93000000,160.84000000,14142.76001000,23,160.13200000,14080.60469000
2026-03-15T00:00:00.000Z,88.08000000,88.08000000,87.76000000,87.76000000,2.68000000,235.75107000,4,2.68000000,235.75107000
2026-03-15T01:00:00.000Z,87.77000000,87.81000000,87.69000000,87.69000000,8.06500000,707.84701000,7,1.61500000,141.70667000
2026-03-15T02:00:00.000Z,87.86000000,88.54000000,87.86000000,88.30000000,15.65500000,1381.77455000,15,8.99000000,793.26081000
2026-03-15T03:00:00.000Z,88.43000000,88.43000000,87.73000000,87.80000000,99.36100000,8733.70878000,16,6.26900000,550.97090000
2026-03-15T04:00:00.000Z,88.10000000,88.23000000,88.03000000,88.03000000,33.59100000,2962.31446000,6,32.02600000,2824.40761000
2026-03-15T05:00:00.000Z,88.25000000,88.54000000,88.17000000,88.33000000,129.83400000,11477.96878000,22,6.08100000,537.59300000
2026-03-15T06:00:00.000Z,88.37000000,88.53000000,88.19000000,88.26000000,267.44700000,23647.24726000,25,107.54200000,9517.40825000
2026-03-15T07:00:00.000Z,88.34000000,88.34000000,88.21000000,88.21000000,41.16500000,3633.22143000,3,0.11000000,9.70713000
2026-03-15T08:00:00.000Z,88.32000000,88.32000000,88.28000000,88.28000000,2.42500000,214.08212000,2,0.00000000,0.00000000
2026-03-15T09:00:00.000Z,88.61000000,88.74000000,88.60000000,88.60000000,5.31200000,470.80276000,7,5.20000000,460.87956000
2026-03-15T10:00:00.000Z,88.52000000,88.54000000,88.41000000,88.54000000,20.66800000,1827.66420000,8,17.91600000,1584.05716000
2026-03-15T11:00:00.000Z,88.43000000,88.55000000,88.28000000,88.54000000,99.92200000,8827.49387000,12,54.50900000,4818.03820000
2026-03-15T12:00:00.000Z,88.32000000,88.42000000,88.29000000,88.29000000,3.55700000,314.16791000,5,2.42800000,214.47721000
2026-03-15T13:00:00.000Z,88.32000000,88.37000000,87.42000000,87.79000000,34.99400000,3078.58606000,37,23.89100000,2103.85327000
2026-03-15T14:00:00.000Z,87.79000000,87.97000000,87.57000000,87.97000000,24.37400000,2139.98134000,33,12.06900000,1059.63600000
2026-03-15T15:00:00.000Z,88.02000000,88.05000000,87.89000000,88.02000000,12.29000000,1081.31960000,13,4.53900000,399.31566000
2026-03-15T16:00:00.000Z,87.85000000,88.04000000,87.46000000,87.57000000,25.70800000,2256.22954000,42,11.92700000,1046.86681000
2026-03-15T17:00:00.000Z,87.53000000,88.63000000,87.53000000,88.63000000,14.00300000,1233.21829000,18,11.84100000,1043.67627000
2026-03-15T18:00:00.000Z,88.56000000,88.67000000,87.90000000,87.93000000,114.07200000,10079.29956000,58,59.11400000,5235.18809000
2026-03-15T19:00:00.000Z,87.91000000,88.29000000,87.88000000,88.00000000,33.82600000,2979.30613000,45,13.56600000,1195.12696000
2026-03-15T20:00:00.000Z,88.15000000,88.89000000,88.08000000,88.77000000,19.14400000,1696.83590000,17,10.43900000,924.10457000
2026-03-15T21:00:00.000Z,88.76000000,90.18000000,88.66000000,89.92000000,203.91100000,18266.42904000,63,123.23200000,11008.18906000
2026-03-15T22:00:00.000Z,90.00000000,92.88000000,89.89000000,92.42000000,508.14900000,46581.72869000,155,241.05900000,22106.07088000
2026-03-15T23:00:00.000Z,92.88000000,93.25000000,91.74000000,92.29000000,385.86600000,35857.84383000,111,258.37200000,24049.96270000
2026-03-16T00:00:00.000Z,92.61000000,92.86000000,92.03000000,92.12000000,106.74100000,9860.92381000,33,34.40300000,3174.78606000
2026-03-16T01:00:00.000Z,92.06000000,92.06000000,91.51000000,91.90000000,118.71400000,10885.42591000,32,36.24400000,3325.74477000
2026-03-16T02:00:00.000Z,92.20000000,92.20000000,91.23000000,91.53000000,187.95600000,17304.26969000,24,68.12300000,6264.27939000
2026-03-16T03:00:00.000Z,91.41000000,93.82000000,91.41000000,93.23000000,813.61200000,75793.94298000,96,712.88900000,66446.91669000
2026-03-16T04:00:00.000Z,93.21000000,94.14000000,92.96000000,93.61000000,461.06100000,43107.05485000,66,250.66300000,23455.51456000
2026-03-16T05:00:00.000Z,93.55000000,94.25000000,93.27000000,94.00000000,189.70600000,17815.49152000,31,40.27100000,3785.71519000
2026-03-16T06:00:00.000Z,94.01000000,94.01000000,93.21000000,93.56000000,168.20300000,15729.30790000,31,33.53200000,3135.32958000
2026-03-16T07:00:00.000Z,93.57000000,93.79000000,93.37000000,93.49000000,83.25300000,7790.62127000,11,82.54300000,7724.11537000
2026-03-16T08:00:00.000Z,93.65000000,93.98000000,92.86000000,92.86000000,78.04800000,7272.31429000,32,5.19200000,484.15479000
2026-03-16T09:00:00.000Z,93.06000000,93.42000000,93.06000000,93.35000000,17.55600000,1634.46293000,9,1.57300000,146.73027000
2026-03-16T10:00:00.000Z,93.33000000,93.93000000,93.33000000,93.93000000,12.71100000,1188.66452000,17,4.62100000,431.88610000
2026-03-16T11:00:00.000Z,93.89000000,93.92000000,93.72000000,93.92000000,97.68700000,9169.36738000,12,97.68700000,9169.36738000
2026-03-16T12:00:00.000Z,93.79000000,94.08000000,93.43000000,93.78000000,1186.94400000,111264.72083000,57,556.66400000,52151.77008000
2026-03-16T13:00:00.000Z,93.82000000,95.02000000,93.48000000,93.65000000,438.86100000,41257.65507000,121,206.17600000,19424.19896000
2026-03-16T14:00:00.000Z,93.60000000,94.53000000,92.51000000,93.37000000,460.87200000,43144.49298000,91,224.55600000,21049.62279000
2026-03-16T15:00:00.000Z,93.70000000,94.29000000,93.17000000,93.17000000,264.33200000,24836.33241000,39,153.31700000,14431.08038000
2026-03-16T16:00:00.000Z,93.24000000,93.98000000,93.21000000,93.98000000,79.75500000,7464.51462000,26,78.34600000,7332.90748000
2026-03-16T17:00:00.000Z,93.99000000,94.19000000,93.72000000,94.11000000,170.29700000,16028.62658000,25,169.21600000,15927.00296000
2026-03-16T18:00:00.000Z,94.11000000,95.02000000,94.10000000,94.45000000,339.76400000,32218.56425000,44,199.97000000,18965.24488000
2026-03-16T19:00:00.000Z,94.44000000,95.42000000,94.44000000,95.42000000,214.46300000,20399.56204000,39,103.36200000,9850.88297000
2026-03-16T20:00:00.000Z,95.15000000,95.90000000,95.04000000,95.89000000,511.69500000,48855.79865000,54,247.28000000,23643.12710000
2026-03-16T21:00:00.000Z,95.75000000,96.75000000,95.40000000,96.35000000,262.30600000,25139.08307000,87,89.48400000,8597.98417000
2026-03-16T22:00:00.000Z,96.43000000,97.65000000,96.22000000,96.27000000,105.28100000,10225.30258000,91,48.62200000,4726.13293000
2026-03-16T23:00:00.000Z,96.20000000,96.36000000,95.41000000,96.36000000,64.52700000,6171.71740000,37,10.94500000,1052.08412000
2026-03-17T00:00:00.000Z,95.82000000,96.79000000,95.17000000,95.23000000,810.00600000,77777.73535000,121,793.32900000,76179.14517000
2026-03-17T01:00:00.000Z,95.49000000,95.92000000,95.08000000,95.58000000,31.16700000,2979.82533000,28,16.59300000,1586.93311000
2026-03-17T02:00:00.000Z,95.77000000,95.77000000,95.00000000,95.23000000,178.02800000,16942.62921000,38,65.87700000,6274.81329000
2026-03-17T03:00:00.000Z,95.20000000,95.25000000,93.80000000,93.93000000,238.29300000,22452.63474000,64,38.46300000,3625.27936000
2026-03-17T04:00:00.000Z,94.13000000,94.13000000,93.35000000,93.81000000,101.55200000,9525.90237000,25,0.86400000,80.97090000
2026-03-17T05:00:00.000Z,93.77000000,94.08000000,93.41000000,93.81000000,398.88000000,37459.23166000,160,2.73900000,256.84373000
2026-03-17T06:00:00.000Z,93.80000000,94.28000000,93.45000000,93.89000000,320.22300000,30069.52702000,158,17.65200000,1659.40722000
2026-03-17T07:00:00.000Z,93.90000000,94.67000000,93.84000000,94.45000000,990.71800000,93429.62760000,986,8.44400000,797.26645000
2026-03-17T08:00:00.000Z,94.45000000,94.84000000,94.32000000,94.40000000,241.36800000,22842.61366000,126,2.19200000,207.48411000
2026-03-17T09:00:00.000Z,94.45000000,95.01000000,93.73000000,93.81000000,327.60800000,30897.81883000,50,32.01400000,3038.86828000
2026-03-17T10:00:00.000Z,93.96000000,93.96000000,93.29000000,93.52000000,19.45000000,1822.37774000,11,0.93900000,87.81108000
2026-03-17T11:00:00.000Z,93.56000000,93.88000000,93.49000000,93.67000000,4.15200000,389.07565000,25,0.28300000,26.54268000
2026-03-17T12:00:00.000Z,93.72000000,94.05000000,93.39000000,93.39000000,56.43400000,5283.64459000,11,55.37100000,5183.73322000
2026-03-17T13:00:00.000Z,93.39000000,94.44000000,93.39000000,93.70000000,29.65300000,2784.10384000,15,5.06300000,474.03925000
2026-03-17T14:00:00.000Z,93.63000000,94.59000000,93.63000000,94.51000000,197.49000000,18584.07256000,22,180.04700000,16943.43594000
2026-03-17T15:00:00.000Z,94.93000000,95.10000000,93.32000000,93.67000000,148.26000000,13881.10277000,28,44.71600000,4192.37042000
2026-03-17T16:00:00.000Z,94.00000000,94.70000000,94.00000000,94.36000000,29.98700000,2827.85669000,21,7.87400000,740.76735000
2026-03-17T17:00:00.000Z,94.64000000,94.64000000,94.24000000,94.38000000,46.62000000,4406.66070000,17,1.55100000,146.57300000
2026-03-17T18:00:00.000Z,94.52000000,95.49000000,94.52000000,95.26000000,107.80800000,10269.52885000,27,99.62200000,9490.66982000
2026-03-17T19:00:00.000Z,95.26000000,95.57000000,94.68000000,94.74000000,442.49200000,42091.43681000,52,234.11200000,22316.47771000
2026-03-17T20:00:00.000Z,94.67000000,94.97000000,94.59000000,94.97000000,106.20100000,10054.66577000,11,2.74200000,260.18740000
2026-03-17T21:00:00.000Z,95.20000000,95.33000000,95.09000000,95.21000000,7.26300000,691.34924000,12,6.24100000,594.06544000
2026-03-17T22:00:00.000Z,95.47000000,95.47000000,94.84000000,95.20000000,31.27500000,2976.32684000,17,3.95500000,376.49393000
2026-03-17T23:00:00.000Z,95.29000000,95.31000000,94.75000000,94.75000000,18.84800000,1792.90931000,15,16.60000000,1578.70701000
2026-03-18T00:00:00.000Z,94.65000000,94.83000000,94.36000000,94.53000000,6.33600000,600.08403000,12,5.50900000,521.83634000
2026-03-18T01:00:00.000Z,94.73000000,94.92000000,94.45000000,94.45000000,207.03400000,19596.94582000,35,46.20300000,4369.11665000
2026-03-18T02:00:00.000Z,94.78000000,95.00000000,94.68000000,94.97000000,3.42900000,325.37516000,10,3.25200000,308.60087000
2026-03-18T03:00:00.000Z,95.00000000,95.50000000,94.88000000,95.03000000,73.28200000,6985.32170000,15,44.69000000,4255.57094000
2026-03-18T04:00:00.000Z,94.77000000,94.77000000,94.07000000,94.17000000,42.27200000,4000.30426000,13,2.97100000,280.39741000
2026-03-18T05:00:00.000Z,94.22000000,94.35000000,93.82000000,93.82000000,42.82500000,4030.39301000,17,7.78900000,733.05159000
2026-03-18T06:00:00.000Z,94.03000000,94.52000000,94.03000000,94.43000000,45.04700000,4245.98553000,18,35.08800000,3305.91255000
2026-03-18T07:00:00.000Z,94.16000000,94.16000000,93.94000000,94.06000000,7.57200000,712.69218000,11,1.19200000,112.00524000
2026-03-18T08:00:00.000Z,94.21000000,94.22000000,94.05000000,94.22000000,11.22100000,1057.15146000,3,11.22100000,1057.15146000
2026-03-18T09:00:00.000Z,94.10000000,94.29000000,94.10000000,94.29000000,6.13200000,578.14600000,5,6.13200000,578.14600000
2026-03-18T10:00:00.000Z,94.23000000,94.38000000,93.76000000,93.86000000,33.64300000,3159.26208000,12,4.70500000,443.80000000
2026-03-18T11:00:00.000Z,93.77000000,93.83000000,91.92000000,92.07000000,75.95600000,7062.32622000,63,21.37700000,2004.38369000
2026-03-18T12:00:00.000Z,91.81000000,91.81000000,90.40000000,90.50000000,94.37000000,8587.82181000,77,1.49200000,136.40456000
2026-03-18T13:00:00.000Z,90.40000000,90.74000000,89.98000000,90.11000000,195.09100000,17644.34049000,64,102.03400000,9245.26289000
2026-03-18T14:00:00.000Z,90.30000000,90.30000000,88.94000000,88.94000000,322.72500000,28881.61312000,85,11.14400000,1000.21479000
2026-03-18T15:00:00.000Z,88.89000000,89.43000000,88.64000000,89.43000000,13.92500000,1240.37725000,36,8.03100000,716.26388000
2026-03-18T16:00:00.000Z,89.20000000,89.20000000,88.82000000,89.02000000,90.55900000,8061.82599000,27,42.22800000,3757.29259000
2026-03-18T17:00:00.000Z,89.03000000,90.24000000,88.88000000,89.95000000,279.92600000,24907.43815000,58,204.09200000,18162.25741000
2026-03-18T18:00:00.000Z,89.95000000,90.81000000,89.53000000,89.53000000,83.05800000,7498.35281000,34,63.56700000,5745.80216000
2026-03-18T19:00:00.000Z,89.82000000,89.97000000,89.60000000,89.60000000,133.35900000,11987.51715000,18,117.54200000,10567.70365000
2026-03-18T20:00:00.000Z,89.67000000,90.07000000,89.19000000,89.94000000,43.37700000,3896.98107000,16,22.67900000,2037.82434000
2026-03-18T21:00:00.000Z,90.16000000,90.56000000,90.16000000,90.53000000,40.25900000,3633.64043000,14,36.83600000,3324.68472000
2026-03-18T22:00:00.000Z,90.36000000,90.36000000,89.94000000,89.94000000,351.15200000,31676.25301000,58,35.50200000,3204.74316000
2026-03-18T23:00:00.000Z,89.94000000,90.08000000,89.81000000,89.98000000,11.74700000,1056.78302000,9,9.70200000,872.72942000
2026-03-19T00:00:00.000Z,89.99000000,90.23000000,89.87000000,90.11000000,92.66900000,8349.62746000,21,19.66700000,1771.57931000
2026-03-19T01:00:00.000Z,90.17000000,90.33000000,90.00000000,90.22000000,231.27700000,20845.30817000,26,214.65100000,19348.05302000
2026-03-19T02:00:00.000Z,90.07000000,90.31000000,89.99000000,89.99000000,97.09700000,8766.22301000,16,46.45400000,4194.41539000
2026-03-19T03:00:00.000Z,90.04000000,91.39000000,89.95000000,90.76000000,155.50100000,14167.95991000,37,144.20500000,13145.76907000
2026-03-19T04:00:00.000Z,90.73000000,90.73000000,89.91000000,89.93000000,30.69900000,2770.45942000,15,0.57600000,51.79968000
2026-03-19T05:00:00.000Z,89.93000000,90.03000000,89.76000000,89.86000000,3.47700000,312.63766000,13,2.26100000,203.37850000
2026-03-19T06:00:00.000Z,89.65000000,90.03000000,89.64000000,89.91000000,4.02500000,361.31921000,10,0.81200000,72.85544000
2026-03-19T07:00:00.000Z,89.90000000,90.00000000,88.67000000,89.59000000,34.82700000,3105.99366000,59,11.92900000,1067.09214000
2026-03-19T08:00:00.000Z,89.37000000,89.59000000,89.17000000,89.23000000,6.57100000,586.41604000,8,0.14600000,13.05312000
2026-03-19T09:00:00.000Z,89.55000000,90.24000000,89.55000000,90.20000000,35.86700000,3219.25009000,15,13.99300000,1255.19408000
2026-03-19T10:00:00.000Z,90.09000000,90.36000000,89.90000000,89.90000000,8.96500000,807.14164000,8,7.22300000,650.03420000
2026-03-19T11:00:00.000Z,89.86000000,89.90000000,89.48000000,89.56000000,78.38000000,7040.44004000,14,4.84200000,433.81690000
2026-03-19T12:00:00.000Z,89.54000000,89.54000000,88.09000000,88.23000000,80.18800000,7104.27372000,44,7.96400000,709.26224000
2026-03-19T13:00:00.000Z,88.12000000,88.64000000,87.61000000,88.58000000,139.40700000,12264.38339000,71,13.90300000,1225.65195000
2026-03-19T14:00:00.000Z,88.58000000,88.58000000,87.52000000,88.22000000,147.87200000,13028.16957000,52,75.22100000,6626.22335000
2026-03-19T15:00:00.000Z,88.29000000,88.69000000,87.23000000,87.73000000,124.81800000,10959.30592000,59,34.25000000,3000.21394000
2026-03-19T16:00:00.000Z,87.55000000,87.69000000,87.00000000,87.37000000,116.87700000,10223.49576000,47,108.22000000,9467.09594000
2026-03-19T17:00:00.000Z,87.52000000,88.32000000,87.13000000,88.22000000,103.14800000,9098.14088000,19,8.78200000,771.92691000
2026-03-19T18:00:00.000Z,88.12000000,88.24000000,87.67000000,88.17000000,66.19800000,5814.73692000,35,19.30000000,1696.05612000
2026-03-19T19:00:00.000Z,88.49000000,89.26000000,88.49000000,88.84000000,16.99900000,1510.99063000,30,12.68900000,1127.62271000
2026-03-19T20:00:00.000Z,88.77000000,89.14000000,88.72000000,89.07000000,68.89900000,6128.29301000,23,43.85300000,3901.98638000
2026-03-19T21:00:00.000Z,89.09000000,89.20000000,88.95000000,89.20000000,17.22700000,1535.88241000,6,17.22700000,1535.88241000
2026-03-19T22:00:00.000Z,89.16000000,89.16000000,88.46000000,88.48000000,47.67300000,4240.40672000,23,1.54700000,137.37037000
2026-03-19T23:00:00.000Z,88.90000000,89.20000000,88.72000000,88.93000000,94.32800000,8372.95058000,16,12.92100000,1149.89810000
2026-03-20T00:00:00.000Z,88.94000000,89.33000000,88.94000000,89.29000000,8.20500000,730.79962000,13,5.09800000,453.72891000
2026-03-20T01:00:00.000Z,89.50000000,89.71000000,89.49000000,89.58000000,44.58800000,3996.07150000,24,39.14500000,3508.27658000
2026-03-20T02:00:00.000Z,89.49000000,89.52000000,88.92000000,89.35000000,14.73500000,1316.35585000,7,11.89300000,1062.86121000
2026-03-20T03:00:00.000Z,89.30000000,89.71000000,89.30000000,89.67000000,11.80200000,1056.80635000,16,6.73100000,603.00867000
2026-03-20T04:00:00.000Z,89.55000000,89.58000000,88.79000000,89.29000000,10.44000000,931.90360000,21,5.95700000,532.13319000
2026-03-20T05:00:00.000Z,89.15000000,89.41000000,88.88000000,89.41000000,27.71500000,2464.67845000,17,0.90400000,80.57003000
2026-03-20T06:00:00.000Z,89.30000000,89.30000000,88.92000000,89.03000000,104.46000000,9296.01729000,15,3.87200000,344.60398000
2026-03-20T07:00:00.000Z,89.03000000,89.03000000,88.57000000,88.66000000,4.41000000,391.45347000,7,3.57700000,317.35266000
2026-03-20T08:00:00.000Z,89.57000000,90.44000000,89.57000000,89.75000000,25.19300000,2270.94580000,29,17.81000000,1606.48289000
2026-03-20T09:00:00.000Z,89.78000000,89.78000000,88.76000000,88.98000000,61.69900000,5492.04510000,25,5.45000000,485.22334000
2026-03-20T10:00:00.000Z,88.91000000,89.34000000,88.75000000,89.34000000,8.21700000,731.85258000,5,8.21700000,731.85258000
2026-03-20T11:00:00.000Z,89.31000000,89.54000000,88.95000000,89.14000000,10.81000000,965.04422000,12,1.47500000,131.84866000
2026-03-20T12:00:00.000Z,89.20000000,89.54000000,89.16000000,89.16000000,10.90600000,973.26063000,11,10.43600000,931.27553000
2026-03-20T13:00:00.000Z,89.13000000,89.53000000,88.70000000,88.97000000,19.83300000,1767.04238000,46,13.91300000,1239.59990000
2026-03-20T14:00:00.000Z,89.09000000,89.70000000,88.59000000,88.99000000,39.89600000,3563.96127000,45,37.25100000,3327.63785000
2026-03-20T15:00:00.000Z,88.97000000,89.22000000,88.64000000,88.83000000,27.53800000,2450.00001000,50,13.50400000,1201.34121000
2026-03-20T16:00:00.000Z,88.95000000,89.15000000,88.63000000,88.63000000,28.53700000,2538.66075000,38,28.05900000,2496.11562000
2026-03-20T17:00:00.000Z,88.97000000,88.98000000,88.19000000,88.92000000,275.57300000,24452.30702000,53,248.68900000,22077.91518000
2026-03-20T18:00:00.000Z,88.90000000,88.90000000,88.35000000,88.64000000,7.87100000,698.34985000,14,3.01600000,267.73875000
2026-03-20T19:00:00.000Z,88.76000000,89.01000000,88.24000000,89.01000000,42.30300000,3751.72982000,28,2.80500000,248.35540000
2026-03-20T20:00:00.000Z,89.08000000,89.33000000,88.75000000,89.01000000,138.28100000,12292.05545000,24,6.76100000,601.64390000
2026-03-20T21:00:00.000Z,89.04000000,89.88000000,89.03000000,89.63000000,247.12300000,22140.73033000,36,10.02800000,894.63781000
2026-03-20T22:00:00.000Z,89.62000000,90.23000000,89.62000000,90.07000000,85.37500000,7694.94151000,24,78.31200000,7058.89251000
2026-03-20T23:00:00.000Z,90.11000000,90.11000000,89.83000000,89.90000000,8.81300000,792.61278000,18,5.33000000,479.32065000
2026-03-21T00:00:00.000Z,89.91000000,90.07000000,89.89000000,90.02000000,3.99700000,359.53245000,14,2.50900000,225.73931000
2026-03-21T01:00:00.000Z,90.12000000,90.30000000,89.88000000,89.88000000,2.78700000,251.08063000,11,2.27400000,204.90805000
2026-03-21T02:00:00.000Z,89.87000000,90.50000000,89.79000000,90.45000000,20.39900000,1840.57302000,21,10.38800000,937.93330000
2026-03-21T03:00:00.000Z,90.42000000,90.51000000,90.36000000,90.39000000,5.19200000,469.39584000,11,5.19200000,469.39584000
2026-03-21T04:00:00.000Z,90.58000000,90.73000000,90.15000000,90.15000000,43.77500000,3961.72198000,16,30.07400000,2726.04075000
2026-03-21T05:00:00.000Z,90.31000000,90.46000000,89.98000000,90.01000000,76.08600000,6866.09246000,19,5.97000000,538.49040000
2026-03-21T06:00:00.000Z,89.95000000,90.24000000,89.95000000,90.15000000,9.56400000,861.16328000,9,3.10900000,280.23217000
2026-03-21T07:00:00.000Z,90.21000000,90.41000000,90.18000000,90.18000000,16.02800000,1447.00893000,10,3.26700000,295.34211000
2026-03-21T08:00:00.000Z,90.06000000,90.11000000,89.87000000,89.89000000,0.93300000,83.97370000,10,0.77900000,70.12264000
2026-03-21T09:00:00.000Z,90.05000000,90.25000000,90.05000000,90.20000000,55.91100000,5044.46814000,7,8.26800000,745.11574000
2026-03-21T10:00:00.000Z,90.12000000,90.12000000,90.12000000,90.12000000,0.81100000,73.08732000,1,0.81100000,73.08732000
2026-03-21T11:00:00.000Z,89.85000000,89.85000000,89.85000000,89.85000000,1.90500000,171.16425000,1,1.90500000,171.16425000
2026-03-21T12:00:00.000Z,90.04000000,90.22000000,89.99000000,90.21000000,8.02400000,723.08309000,7,8.02400000,723.08309000
2026-03-21T13:00:00.000Z,90.24000000,90.26000000,90.12000000,90.20000000,4.55600000,410.93349000,10,4.55600000,410.93349000
2026-03-21T14:00:00.000Z,90.07000000,90.30000000,89.70000000,89.70000000,198.05900000,17821.61416000,19,108.10500000,9751.23260000
2026-03-21T15:00:00.000Z,89.69000000,89.84000000,89.63000000,89.78000000,83.47200000,7494.23799000,16,1.03400000,92.74277000
2026-03-21T16:00:00.000Z,89.86000000,89.97000000,89.65000000,89.65000000,20.17900000,1811.11104000,9,10.28100000,923.69795000
2026-03-21T17:00:00.000Z,89.64000000,89.66000000,89.47000000,89.55000000,27.44500000,2459.21734000,10,24.15800000,2164.80118000
2026-03-21T18:00:00.000Z,89.59000000,89.78000000,89.59000000,89.78000000,2.54800000,228.44645000,6,2.54800000,228.44645000
2026-03-21T19:00:00.000Z,89.87000000,89.91000000,89.72000000,89.81000000,22.04600000,1981.63290000,27,20.96900000,1884.87764000
2026-03-21T20:00:00.000Z,89.90000000,90.30000000,89.79000000,90.16000000,75.13600000,6774.13397000,62,32.07900000,2893.12508000
2026-03-21T21:00:00.000Z,90.16000000,90.22000000,89.92000000,89.98000000,4.33100000,389.96684000,33,2.93200000,264.00307000
2026-03-21T22:00:00.000Z,89.92000000,90.03000000,89.83000000,89.93000000,44.74800000,4025.60185000,27,38.49600000,3463.64921000
2026-03-21T23:00:00.000Z,89.83000000,89.85000000,87.27000000,87.27000000,85.72500000,7586.21087000,96,10.94100000,964.55761000
2026-03-22T00:00:00.000Z,87.51000000,87.67000000,86.35000000,87.52000000,608.87400000,53098.94013000,90,398.00400000,34743.44306000
2026-03-22T01:00:00.000Z,87.39000000,87.50000000,87.09000000,87.38000000,25.01100000,2184.12216000,12,17.99100000,1569.90861000
2026-03-22T02:00:00.000Z,87.50000000,88.38000000,87.47000000,88.32000000,16.23800000,1430.41033000,16,14.21600000,1253.46951000
2026-03-22T03:00:00.000Z,88.09000000,89.13000000,87.74000000,88.69000000,18.26600000,1617.76528000,38,12.12000000,1073.31357000
2026-03-22T04:00:00.000Z,89.10000000,89.14000000,88.76000000,88.99000000,22.39000000,1989.64461000,8,9.49000000,844.64061000
2026-03-22T05:00:00.000Z,88.93000000,88.94000000,88.56000000,88.56000000,5.97800000,529.83607000,8,0.57300000,50.88728000
2026-03-22T06:00:00.000Z,88.40000000,88.40000000,88.11000000,88.19000000,20.26100000,1788.78522000,18,3.26300000,288.27293000
2026-03-22T07:00:00.000Z,88.28000000,88.31000000,87.75000000,87.78000000,11.85500000,1043.68099000,12,6.42800000,565.34590000
2026-03-22T08:00:00.000Z,87.56000000,87.56000000,86.96000000,87.30000000,12.66700000,1107.26245000,28,0.71900000,62.80062000
2026-03-22T09:00:00.000Z,87.62000000,87.62000000,87.18000000,87.18000000,1316.61000000,115086.76136000,20,4.28200000,374.27750000
2026-03-22T10:00:00.000Z,87.29000000,87.38000000,87.29000000,87.33000000,21.18300000,1849.21811000,6,20.42700000,1783.20471000
2026-03-22T11:00:00.000Z,87.38000000,87.38000000,86.96000000,86.96000000,5.05500000,440.23425000,7,0.99700000,87.11786000
2026-03-22T12:00:00.000Z,86.90000000,87.31000000,86.90000000,87.31000000,5.15500000,449.69380000,7,1.53600000,134.00876000
2026-03-22T13:00:00.000Z,87.39000000,87.59000000,87.15000000,87.32000000,14.96900000,1307.66502000,10,10.44100000,912.27482000
2026-03-22T14:00:00.000Z,87.39000000,87.44000000,87.17000000,87.25000000,10.67700000,931.67661000,10,10.10400000,881.57349000
2026-03-22T15:00:00.000Z,87.29000000,87.57000000,87.24000000,87.57000000,177.08000000,15460.57817000,35,69.81200000,6093.93435000
2026-03-22T16:00:00.000Z,87.50000000,87.58000000,87.33000000,87.55000000,33.48100000,2931.40028000,12,24.99200000,2188.56253000
2026-03-22T17:00:00.000Z,87.42000000,87.51000000,87.39000000,87.48000000,12.24700000,1071.36669000,6,12.24700000,1071.36669000
2026-03-22T18:00:00.000Z,87.15000000,87.26000000,86.62000000,86.71000000,18.24500000,1583.90112000,18,4.29500000,374.62033000
2026-03-22T19:00:00.000Z,87.03000000,87.03000000,86.73000000,86.83000000,14.57200000,1264.87040000,13,12.58300000,1092.18781000
2026-03-22T20:00:00.000Z,87.06000000,87.16000000,86.60000000,86.60000000,68.25000000,5939.35047000,24,61.17800000,5324.66620000
2026-03-22T21:00:00.000Z,86.60000000,86.60000000,85.30000000,85.89000000,198.26000000,17021.31818000,98,5.98300000,513.60798000
2026-03-22T22:00:00.000Z,86.02000000,86.74000000,85.80000000,86.74000000,11.56000000,997.55286000,13,8.35500000,720.92286000
2026-03-22T23:00:00.000Z,86.74000000,86.91000000,86.14000000,86.22000000,26.31100000,2278.85210000,17,12.24200000,1060.52139000
2026-03-23T00:00:00.000Z,86.29000000,86.37000000,85.50000000,86.05000000,43.14300000,3694.44844000,19,31.73000000,2714.85951000
2026-03-23T01:00:00.000Z,86.46000000,86.56000000,86.24000000,86.24000000,449.11800000,38733.18105000,63,4.64700000,401.90864000
2026-03-23T02:00:00.000Z,86.13000000,86.85000000,86.13000000,86.68000000,23.96900000,2073.79766000,15,23.48400000,2031.83549000
2026-03-23T03:00:00.000Z,86.68000000,87.17000000,86.43000000,86.44000000,35.63600000,3085.76820000,20,29.74200000,2575.43369000
2026-03-23T04:00:00.000Z,86.52000000,86.52000000,86.44000000,86.44000000,0.26000000,22.48438000,5,0.21700000,18.76445000
2026-03-23T05:00:00.000Z,87.06000000,87.27000000,86.94000000,87.22000000,110.13300000,9583.84691000,17,101.01300000,8788.94590000
2026-03-23T06:00:00.000Z,87.16000000,87.16000000,85.60000000,85.73000000,102.95900000,8905.13395000,68,4.41400000,381.21364000
2026-03-23T07:00:00.000Z,85.62000000,86.02000000,85.15000000,86.02000000,40.51600000,3463.16774000,39,3.13800000,268.77110000
2026-03-23T08:00:00.000Z,86.09000000,86.30000000,86.06000000,86.30000000,0.28000000,24.12398000,3,0.28000000,24.12398000
2026-03-23T09:00:00.000Z,85.89000000,85.89000000,85.25000000,85.57000000,15.69500000,1342.53170000,12,8.37000000,717.92689000
2026-03-23T10:00:00.000Z,85.80000000,86.02000000,85.78000000,85.87000000,30.53600000,2621.89566000,17,30.46600000,2615.88476000
2026-03-23T11:00:00.000Z,86.30000000,91.95000000,86.30000000,88.74000000,2718.22500000,245718.29620000,550,1095.47500000,98872.27580000
2026-03-23T12:00:00.000Z,88.74000000,90.36000000,88.44000000,90.34000000,100.92200000,8985.63945000,61,96.26700000,8569.51340000
2026-03-23T13:00:00.000Z,90.47000000,91.42000000,89.83000000,91.09000000,269.63900000,24302.60470000,71,177.70100000,16038.83321000
2026-03-23T14:00:00.000Z,91.46000000,91.66000000,91.12000000,91.53000000,11.35900000,1039.22415000,28,9.24200000,845.70752000
2026-03-23T15:00:00.000Z,91.66000000,92.21000000,89.88000000,89.88000000,324.98600000,29508.48349000,104,122.46000000,11150.31387000
2026-03-23T16:00:00.000Z,90.05000000,90.44000000,89.56000000,90.28000000,298.97000000,26914.55824000,49,185.57300000,16751.27185000
2026-03-23T17:00:00.000Z,90.45000000,91.36000000,89.83000000,91.32000000,51.22600000,4661.07978000,51,45.02900000,4100.75502000
2026-03-23T18:00:00.000Z,91.28000000,91.70000000,91.04000000,91.44000000,34.15300000,3117.06014000,41,27.52200000,2511.42404000
2026-03-23T19:00:00.000Z,91.78000000,91.84000000,91.37000000,91.39000000,27.29100000,2500.15877000,24,10.21500000,937.17743000
2026-03-23T20:00:00.000Z,91.44000000,91.92000000,91.44000000,91.83000000,31.94800000,2930.81875000,19,16.71400000,1533.23955000
2026-03-23T21:00:00.000Z,91.73000000,91.87000000,91.59000000,91.84000000,15.20100000,1394.80767000,8,14.11300000,1294.85311000
2026-03-23T22:00:00.000Z,91.37000000,91.76000000,91.25000000,91.56000000,14.62700000,1337.53478000,9,11.86900000,1085.63040000
2026-03-23T23:00:00.000Z,91.49000000,91.50000000,91.03000000,91.50000000,47.95400000,4379.09638000,18,44.80900000,4092.12645000
2026-03-24T00:00:00.000Z,91.45000000,91.68000000,90.75000000,91.21000000,65.92800000,6019.10833000,38,25.68600000,2348.95804000
2026-03-24T01:00:00.000Z,91.02000000,91.06000000,90.22000000,90.53000000,8.10400000,734.08558000,25,2.12100000,192.74051000
2026-03-24T02:00:00.000Z,90.40000000,90.52000000,90.15000000,90.16000000,28.24900000,2552.41506000,18,16.38400000,1481.21734000
2026-03-24T03:00:00.000Z,90.17000000,90.34000000,90.00000000,90.32000000,233.84400000,21094.78091000,23,222.06300000,20033.82272000
2026-03-24T04:00:00.000Z,90.72000000,90.72000000,90.58000000,90.58000000,0.35100000,31.80904000,4,0.30300000,27.45592000
2026-03-24T05:00:00.000Z,90.08000000,90.41000000,90.03000000,90.17000000,50.07400000,4511.18200000,19,46.12400000,4155.24590000
2026-03-24T06:00:00.000Z,90.30000000,90.40000000,90.30000000,90.36000000,33.29700000,3007.63465000,7,13.80500000,1246.82644000
2026-03-24T07:00:00.000Z,90.57000000,91.84000000,90.57000000,91.67000000,19.16700000,1749.54679000,23,12.69700000,1163.27588000
2026-03-24T08:00:00.000Z,91.83000000,91.88000000,91.34000000,91.52000000,95.95000000,8800.19199000,23,66.59800000,6109.54995000
2026-03-24T09:00:00.000Z,91.49000000,92.08000000,91.18000000,92.08000000,30.45700000,2784.65477000,23,16.42400000,1502.98717000
2026-03-24T10:00:00.000Z,91.99000000,92.15000000,91.80000000,91.80000000,130.63100000,11997.20093000,11,127.61800000,11720.30515000
2026-03-24T11:00:00.000Z,91.69000000,92.11000000,91.69000000,91.77000000,6.99100000,641.45516000,13,5.59000000,512.85200000
2026-03-24T12:00:00.000Z,91.77000000,91.77000000,91.56000000,91.60000000,20.71300000,1898.18880000,17,16.98500000,1556.64492000
2026-03-24T13:00:00.000Z,91.64000000,91.77000000,89.63000000,89.78000000,248.48700000,22530.89757000,93,75.79100000,6868.56752000
2026-03-24T14:00:00.000Z,89.93000000,90.05000000,88.77000000,89.50000000,52.76000000,4707.46133000,61,23.66100000,2115.58476000
2026-03-24T15:00:00.000Z,89.76000000,90.11000000,89.67000000,89.74000000,164.15000000,14736.39390000,28,16.30200000,1463.80817000
2026-03-24T16:00:00.000Z,89.73000000,89.99000000,89.18000000,89.41000000,61.57300000,5513.28509000,30,57.79100000,5174.70976000
2026-03-24T17:00:00.000Z,89.15000000,89.22000000,88.68000000,89.22000000,60.32600000,5367.66380000,27,42.28600000,3761.54463000
2026-03-24T18:00:00.000Z,89.15000000,89.49000000,89.09000000,89.33000000,15.27600000,1361.96047000,16,5.70400000,508.90383000
2026-03-24T19:00:00.000Z,88.94000000,89.19000000,88.55000000,88.59000000,8.17900000,726.52060000,16,1.16200000,103.23930000
2026-03-24T20:00:00.000Z,88.73000000,90.11000000,88.64000000,90.01000000,175.56200000,15712.86053000,65,129.70400000,11598.95778000
2026-03-24T21:00:00.000Z,90.08000000,90.43000000,89.88000000,90.20000000,9.73800000,878.83586000,11,8.37400000,755.75716000
2026-03-24T22:00:00.000Z,90.38000000,90.67000000,90.26000000,90.26000000,15.47900000,1400.42095000,10,3.21300000,291.17273000
2026-03-24T23:00:00.000Z,90.30000000,91.09000000,90.30000000,90.89000000,86.86800000,7896.55792000,47,43.45000000,3946.18309000
2026-03-25T00:00:00.000Z,90.85000000,91.55000000,90.85000000,91.41000000,19.77000000,1804.58217000,31,17.12600000,1563.59175000
2026-03-25T01:00:00.000Z,91.31000000,91.32000000,91.11000000,91.14000000,62.56700000,5703.52299000,17,60.38700000,5504.82647000
2026-03-25T02:00:00.000Z,90.98000000,91.43000000,90.94000000,91.13000000,4.41000000,401.95522000,17,3.89000000,354.57062000
2026-03-25T03:00:00.000Z,91.13000000,91.89000000,90.87000000,91.88000000,50.60800000,4632.51960000,28,44.92200000,4111.94306000
2026-03-25T04:00:00.000Z,91.67000000,92.07000000,91.66000000,92.07000000,49.60700000,4551.74016000,19,47.15200000,4326.56003000
2026-03-25T05:00:00.000Z,92.09000000,92.91000000,92.09000000,92.45000000,123.42700000,11425.27282000,81,87.69200000,8118.80074000
2026-03-25T06:00:00.000Z,92.32000000,92.89000000,92.30000000,92.42000000,48.71000000,4507.34995000,20,45.53400000,4213.40787000
2026-03-25T07:00:00.000Z,92.36000000,92.43000000,91.81000000,91.81000000,44.52500000,4111.91277000,20,3.93400000,363.30392000
2026-03-25T08:00:00.000Z,91.81000000,92.65000000,91.81000000,92.49000000,26.94700000,2484.93319000,25,17.21000000,1586.01124000
2026-03-25T09:00:00.000Z,92.36000000,92.58000000,92.34000000,92.42000000,36.84400000,3404.99921000,12,6.63700000,613.01704000
2026-03-25T10:00:00.000Z,92.57000000,92.66000000,92.53000000,92.65000000,58.29200000,5398.59520000,8,46.54300000,4310.12852000
2026-03-25T11:00:00.000Z,92.67000000,93.39000000,92.58000000,92.89000000,109.89500000,10227.40490000,52,88.20500000,8212.84692000
2026-03-25T12:00:00.000Z,93.03000000,93.32000000,92.30000000,93.08000000,61.22800000,5661.68665000,37,9.14900000,846.97300000
2026-03-25T13:00:00.000Z,93.02000000,93.29000000,92.82000000,92.86000000,25.65900000,2388.06964000,24,18.57600000,1728.66748000
2026-03-25T14:00:00.000Z,92.53000000,92.76000000,92.11000000,92.11000000,15.25300000,1408.07551000,19,6.53600000,603.38480000
2026-03-25T15:00:00.000Z,91.99000000,92.02000000,91.09000000,91.79000000,93.04300000,8508.73572000,38,15.50300000,1422.93068000
2026-03-25T16:00:00.000Z,91.84000000,92.64000000,91.80000000,92.32000000,134.80000000,12419.44446000,24,132.64000000,12220.56815000
2026-03-25T17:00:00.000Z,92.22000000,92.22000000,91.65000000,91.71000000,194.19300000,17860.75575000,16,173.30600000,15939.88231000
2026-03-25T18:00:00.000Z,91.78000000,92.12000000,91.64000000,91.64000000,31.28200000,2876.82271000,22,17.65800000,1624.10110000
2026-03-25T19:00:00.000Z,91.68000000,91.89000000,91.46000000,91.46000000,56.05900000,5141.85329000,34,37.01100000,3394.50380000
2026-03-25T20:00:00.000Z,91.61000000,91.61000000,91.15000000,91.47000000,128.09200000,11699.05281000,52,38.65300000,3530.32682000
2026-03-25T21:00:00.000Z,91.47000000,91.52000000,91.20000000,91.22000000,20.79600000,1898.33307000,15,12.90600000,1178.57727000
2026-03-25T22:00:00.000Z,91.28000000,91.84000000,91.09000000,91.74000000,43.12700000,3939.90019000,19,14.78200000,1351.05743000
2026-03-25T23:00:00.000Z,91.80000000,91.85000000,91.61000000,91.73000000,9.55800000,877.41767000,16,8.85000000,812.48336000
2026-03-26T00:00:00.000Z,91.70000000,91.95000000,91.53000000,91.54000000,54.33900000,4991.77175000,30,47.44400000,4359.24155000
2026-03-26T01:00:00.000Z,91.86000000,91.94000000,91.71000000,91.86000000,4.64900000,426.80288000,16,3.13200000,287.62883000
2026-03-26T02:00:00.000Z,91.84000000,91.86000000,90.75000000,90.90000000,115.45200000,10518.24897000,31,101.76100000,9267.09594000
2026-03-26T03:00:00.000Z,90.91000000,91.06000000,90.65000000,90.96000000,36.00600000,3276.18078000,30,2.62000000,237.84768000
2026-03-26T04:00:00.000Z,90.89000000,90.94000000,90.82000000,90.82000000,0.59800000,54.36662000,5,0.55300000,50.27972000
2026-03-26T05:00:00.000Z,90.87000000,90.87000000,89.23000000,89.23000000,217.61300000,19587.53537000,78,1.47400000,133.07737000
2026-03-26T06:00:00.000Z,89.17000000,89.27000000,89.00000000,89.10000000,26.85000000,2393.11252000,28,10.84600000,967.12046000
2026-03-26T07:00:00.000Z,89.24000000,89.24000000,88.89000000,88.89000000,3.83800000,341.88649000,6,2.29000000,204.24151000
2026-03-26T08:00:00.000Z,89.10000000,89.11000000,88.75000000,88.75000000,5.21000000,463.05287000,11,1.49300000,133.01892000
2026-03-26T09:00:00.000Z,88.90000000,88.92000000,87.88000000,88.12000000,45.52400000,4019.03228000,44,14.39000000,1270.93402000
2026-03-26T10:00:00.000Z,88.05000000,88.33000000,87.82000000,87.91000000,18.03000000,1587.15931000,16,13.83100000,1217.85914000
2026-03-26T11:00:00.000Z,87.88000000,87.98000000,87.49000000,87.66000000,50.19100000,4404.47325000,32,40.79800000,3581.20404000
2026-03-26T12:00:00.000Z,87.50000000,87.77000000,87.47000000,87.59000000,21.39500000,1874.60160000,26,17.35000000,1520.54037000
2026-03-26T13:00:00.000Z,87.66000000,88.29000000,87.38000000,87.85000000,232.83900000,20424.46155000,56,122.97600000,10795.49679000
2026-03-26T14:00:00.000Z,87.94000000,88.17000000,87.27000000,87.50000000,65.06800000,5696.62094000,31,59.99300000,5251.93312000
2026-03-26T15:00:00.000Z,87.49000000,87.64000000,86.80000000,87.53000000,402.33200000,35055.40755000,58,115.12700000,10038.12262000
2026-03-26T16:00:00.000Z,87.51000000,87.70000000,87.19000000,87.25000000,24.36800000,2129.70876000,19,3.62000000,316.73232000
2026-03-26T17:00:00.000Z,87.21000000,87.40000000,86.58000000,86.58000000,191.92100000,16747.59510000,25,1.84200000,160.37697000
2026-03-26T18:00:00.000Z,86.79000000,86.79000000,85.77000000,86.12000000,540.85300000,46642.42066000,76,130.95400000,11263.59287000
2026-03-26T19:00:00.000Z,86.08000000,86.08000000,85.50000000,85.50000000,20.25300000,1735.62989000,25,6.15600000,528.57573000
2026-03-26T20:00:00.000Z,85.57000000,87.04000000,85.56000000,86.62000000,226.73100000,19645.06212000,34,100.02900000,8666.05656000
2026-03-26T21:00:00.000Z,86.33000000,87.08000000,86.31000000,86.87000000,20.90200000,1816.14112000,17,5.79800000,504.19706000
2026-03-26T22:00:00.000Z,86.69000000,86.72000000,86.31000000,86.72000000,46.89200000,4053.64342000,7,35.19200000,3043.78336000
2026-03-26T23:00:00.000Z,86.92000000,86.92000000,86.24000000,86.48000000,77.21100000,6669.02425000,27,48.82300000,4217.99835000
2026-03-27T00:00:00.000Z,86.50000000,86.79000000,86.29000000,86.39000000,14.04600000,1217.41782000,15,13.33600000,1155.87542000
2026-03-27T01:00:00.000Z,86.69000000,86.69000000,86.49000000,86.65000000,1.34100000,116.15885000,5,0.64700000,56.02375000
2026-03-27T02:00:00.000Z,86.94000000,87.00000000,86.64000000,86.64000000,154.10100000,13373.12255000,22,8.65300000,750.55203000
2026-03-27T03:00:00.000Z,86.73000000,86.80000000,86.38000000,86.39000000,29.91800000,2588.62923000,18,12.48600000,1081.29389000
2026-03-27T04:00:00.000Z,86.41000000,86.41000000,85.79000000,86.01000000,10.35000000,890.98646000,13,1.43800000,123.77492000
2026-03-27T05:00:00.000Z,86.17000000,86.64000000,86.00000000,86.13000000,20.44500000,1763.04028000,20,4.76400000,410.83594000
2026-03-27T06:00:00.000Z,86.14000000,86.19000000,86.02000000,86.06000000,2.23400000,192.42119000,5,0.98600000,84.93984000
2026-03-27T07:00:00.000Z,85.87000000,86.15000000,85.76000000,85.91000000,4.39100000,377.67184000,8,2.96000000,254.72305000
2026-03-27T08:00:00.000Z,85.99000000,85.99000000,84.41000000,85.17000000,568.58600000,48381.08501000,70,70.59100000,6017.88791000
2026-03-27T09:00:00.000Z,85.11000000,85.13000000,84.80000000,85.02000000,14.54200000,1236.34801000,8,13.04400000,1108.96069000
2026-03-27T10:00:00.000Z,84.94000000,85.09000000,82.75000000,83.00000000,226.62300000,19104.94544000,85,44.33200000,3738.20604000
2026-03-27T11:00:00.000Z,83.11000000,83.50000000,82.74000000,83.48000000,121.81000000,10149.39202000,34,111.94800000,9327.08096000
2026-03-27T12:00:00.000Z,83.43000000,83.43000000,83.10000000,83.16000000,36.07800000,3001.60218000,15,8.43600000,702.55327000
2026-03-27T13:00:00.000Z,83.15000000,83.22000000,82.58000000,82.99000000,24.76000000,2051.91903000,27,9.11400000,757.88217000
2026-03-27T14:00:00.000Z,83.08000000,83.29000000,82.79000000,83.20000000,54.99200000,4560.41199000,21,26.81900000,2226.63676000
2026-03-27T15:00:00.000Z,83.20000000,83.29000000,83.20000000,83.23000000,5.89800000,490.92345000,3,1.60000000,133.20091000